model,arm,epoch,train_mse,val_mse,train_seconds,train_seconds_cumulative,eval_seconds_cumulative,wall_seconds,gamma,gamma_effective,hot_mean_lag,cold_mean_lag,stale_nonzero_increment_rows
dcrnn,exact,1,0.3037452432844374,0.47757163414588344,34.89881161600351,34.89881161600351,68.32954374421388,108.64619130315259,,,0.0,0.0,0
dcrnn,exact,2,0.21838280889723036,,30.93633389333263,65.83514550933614,68.32954374421388,139.58330322429538,,,0.0,0.0,0
dcrnn,exact,3,0.17425877959639938,,31.048517195973545,96.88366270530969,68.32954374421388,170.64205824397504,,,0.0,0.0,0
dcrnn,exact,4,0.15213872768260814,,30.607802219688892,127.49146492499858,68.32954374421388,201.25335858389735,,,0.0,0.0,0
dcrnn,exact,5,0.1354745935510706,0.2585254999307486,30.60360496584326,158.09506989084184,127.87666612910107,291.4059535260312,,,0.0,0.0,0
dcrnn,exact,6,0.122457190796181,,30.707907801959664,188.8029776928015,127.87666612910107,322.1145954821259,,,0.0,0.0,0
dcrnn,exact,7,0.11176851943687156,,30.511512390803546,219.31449008360505,127.87666612910107,352.62674855301157,,,0.0,0.0,0
dcrnn,exact,8,0.10277996681354663,,30.571228752844036,249.8857188364491,127.87666612910107,383.19866286823526,,,0.0,0.0,0
dcrnn,exact,9,0.09522384625894052,,30.71206776238978,280.59778659883887,127.87666612910107,413.9141077580862,,,0.0,0.0,0
dcrnn,exact,10,0.0888444494318079,0.1565002019588764,30.245579419191927,310.8433660180308,187.3346831202507,503.61948416614905,,,0.0,0.0,0
dcrnn,exact,11,0.08341315057542589,,30.39617532910779,341.2395413471386,187.3346831202507,534.0164411603473,,,0.0,0.0,0
dcrnn,exact,12,0.07874772283766004,,30.401878325268626,371.6414196724072,187.3346831202507,564.4189936551265,,,0.0,0.0,0
dcrnn,exact,13,0.07468716745023374,,30.418664888944477,402.0600845613517,187.3346831202507,594.8383331890218,,,0.0,0.0,0
dcrnn,exact,14,0.07110814253489177,,30.17593293217942,432.2360174935311,187.3346831202507,625.0149835711345,,,0.0,0.0,0
dcrnn,exact,15,0.06792106672569558,0.10776787537794846,30.437204360961914,462.673221854493,248.42606423562393,716.5452625411563,,,0.0,0.0,0
dcrnn,exact,16,0.06505741013420953,,31.719209142960608,494.39243099745363,248.42606423562393,748.265340146143,,,0.0,0.0,0
dcrnn,exact,17,0.062466577247337056,,30.45824657473713,524.8506775721908,248.42606423562393,778.7243227553554,,,0.0,0.0,0
dcrnn,exact,18,0.060110264354281955,,30.30498669622466,555.1556642684154,248.42606423562393,809.0299838390201,,,0.0,0.0,0
dcrnn,exact,19,0.05795207067772194,,30.2860337048769,585.4416979732923,248.42606423562393,839.316797865089,,,0.0,0.0,0
dcrnn,exact,20,0.05596082740359836,0.07954260936150184,30.147159643936902,615.5888576172292,307.5769950663671,928.6166272251867,,,0.0,0.0,0
dcrnn,exact,21,0.0541377862294515,,30.33123075775802,645.9200883749872,307.5769950663671,958.9486094159074,,,0.0,0.0,0
dcrnn,exact,22,0.0524884683114511,,30.190913475118577,676.1110018501058,307.5769950663671,989.1402805340476,,,0.0,0.0,0
dcrnn,exact,23,0.05105579120141489,,30.089659485034645,706.2006613351405,307.5769950663671,1019.2307474343106,,,0.0,0.0,0
dcrnn,exact,24,0.049572781280235005,,30.383381428197026,736.5840427633375,307.5769950663671,1049.6148990723304,,,0.0,0.0,0
dcrnn,exact,25,0.0483784830128705,0.061361613181921154,30.33989759394899,766.9239403572865,366.82710191002116,1139.206689082086,,,0.0,0.0,0
dcrnn,exact,26,0.04722829439021923,,30.409280507825315,797.3332208651118,366.82710191002116,1169.6169076720253,,,0.0,0.0,0
dcrnn,exact,27,0.04623752170138889,,30.161402257159352,827.4946231222712,366.82710191002116,1199.7790258410387,,,0.0,0.0,0
dcrnn,exact,28,0.04523414594155771,,30.379028466064483,857.8736515883356,366.82710191002116,1230.158848775085,,,0.0,0.0,0
dcrnn,exact,29,0.04428382052315606,,30.31815118761733,888.191802775953,366.82710191002116,1260.477842821274,,,0.0,0.0,0
dcrnn,exact,30,0.04344564455526846,0.04953336715698242,30.308506133034825,918.5003089089878,426.197128970176,1350.1580977621488,,,0.0,0.0,0
dcrnn,exact,31,0.042744212680392794,,30.225381141062826,948.7256900500506,426.197128970176,1380.3842449691147,,,0.0,0.0,0
dcrnn,exact,32,0.04192202400278162,,31.445325635839254,980.1710156858899,426.197128970176,1411.83038352523,,,0.0,0.0,0
dcrnn,exact,33,0.04143536311608774,,30.33222545310855,1010.5032411389984,426.197128970176,1442.163294003345,,,0.0,0.0,0
dcrnn,exact,34,0.040780051990791606,,31.43595687672496,1041.9391980157234,426.197128970176,1473.59998599533,,,0.0,0.0,0
dcrnn,exact,35,0.040099400061148184,0.04157090874818655,30.3555289930664,1072.2947270087898,485.09969786694273,1562.859771270305,,,0.0,0.0,0
dcrnn,exact,36,0.039691417305557815,,30.27641211496666,1102.5711391237564,485.09969786694273,1593.136933254078,,,0.0,0.0,0
dcrnn,exact,37,0.039156202916745785,,30.262099096085876,1132.8332382198423,485.09969786694273,1623.399761475157,,,0.0,0.0,0
dcrnn,exact,38,0.0387490259276496,,29.999605847056955,1162.8328440668993,485.09969786694273,1653.4002537443303,,,0.0,0.0,0
dcrnn,exact,39,0.038191402399981464,,30.242137182038277,1193.0749812489375,485.09969786694273,1683.6431001871824,,,0.0,0.0,0
dcrnn,exact,40,0.03770247322541696,0.0362094881442877,30.225534085184336,1223.3005153341219,544.1759920837358,1772.9467137791216,,,0.0,0.0,0
dcrnn,exact,41,0.0376849373181661,,30.259838768281043,1253.560354102403,544.1759920837358,1803.2072985842824,,,0.0,0.0,0
dcrnn,exact,42,0.037005978601950186,,30.316485507879406,1283.8768396102823,544.1759920837358,1833.5245025022887,,,0.0,0.0,0
dcrnn,exact,43,0.03656459185812208,,30.212034283205867,1314.0888738934882,544.1759920837358,1863.7373121371493,,,0.0,0.0,0
dcrnn,exact,44,0.03658419516351488,,30.263300868682563,1344.3521747621708,544.1759920837358,1894.001476668287,,,0.0,0.0,0
dcrnn,exact,45,0.03616886227219193,0.030184470690213717,30.382415181025863,1374.7345899431966,603.2564575034194,1983.4660997260362,,,0.0,0.0,0
dcrnn,exact,46,0.035835472521958525,,30.530615590978414,1405.265205534175,603.2564575034194,2013.9974874970503,,,0.0,0.0,0
dcrnn,exact,47,0.03563947810067071,,30.533435041084886,1435.79864057526,603.2564575034194,2044.531744739972,,,0.0,0.0,0
dcrnn,exact,48,0.03544834145793208,,31.673811341635883,1467.4724519168958,603.2564575034194,2076.206247742288,,,0.0,0.0,0
dcrnn,exact,49,0.03549474146631029,,30.43963465699926,1497.912086573895,603.2564575034194,2106.6466275830753,,,0.0,0.0,0
dcrnn,exact,50,0.0349088587142803,0.027215540409088135,30.113461572211236,1528.0255481461063,663.5933360275812,2197.0987517782487,,,0.0,0.0,0
dcrnn,exact,51,0.03465967597784819,,30.310004464816302,1558.3355526109226,663.5933360275812,2227.4094705819152,,,0.0,0.0,0
dcrnn,exact,52,0.03417761237533004,,30.174485091120005,1588.5100377020426,663.5933360275812,2257.584652852267,,,0.0,0.0,0
dcrnn,exact,53,0.034161405430899724,,30.390285117086023,1618.9003228191286,663.5933360275812,2287.975824851077,,,0.0,0.0,0
dcrnn,exact,54,0.03373564393432052,,30.351930474862456,1649.252253293991,663.5933360275812,2318.328440281097,,,0.0,0.0,0
dcrnn,exact,55,0.03349716575057418,0.024316819814535286,30.135893644299358,1679.3881469382904,722.9051493806764,2407.777928851079,,,0.0,0.0,0
dcrnn,exact,56,0.03341219049912912,,30.353433073032647,1709.741580011323,722.9051493806764,2438.1323398272507,,,0.0,0.0,0
dcrnn,exact,57,0.03317712744077047,,30.142577172257006,1739.88415718358,722.9051493806764,2468.2756090820767,,,0.0,0.0,0
dcrnn,exact,58,0.03301577325220461,,30.22443372476846,1770.1085909083486,722.9051493806764,2498.5007499139756,,,0.0,0.0,0
dcrnn,exact,59,0.03291348726661117,,30.150851742364466,1800.259442650713,722.9051493806764,2528.6525189080276,,,0.0,0.0,0
dcrnn,exact,60,0.03270619224618982,0.02207534359051631,30.289253648370504,1830.5486962990835,782.0685647209175,2618.10690200096,,,0.0,0.0,0
dcrnn,exact,61,0.03262319277834009,,30.329357238020748,1860.8780535371043,782.0685647209175,2648.4370450773276,,,0.0,0.0,0
dcrnn,exact,62,0.03243708058639809,,30.236586443148553,1891.1146399802528,782.0685647209175,2678.674310636241,,,0.0,0.0,0
dcrnn,exact,63,0.032320603176399516,,30.08576238108799,1921.2004023613408,782.0685647209175,2708.7608125130646,,,0.0,0.0,0
dcrnn,exact,64,0.03224038857000845,,30.290999818127602,1951.4914021794684,782.0685647209175,2739.0525704142638,,,0.0,0.0,0
dcrnn,exact,65,0.032063425691039475,0.01985906408383296,31.580991838593036,1983.0723940180615,841.8046224471182,2830.3715770170093,,,0.0,0.0,0
dcrnn,exact,66,0.03190246445161325,,30.603268167935312,2013.6756621859968,841.8046224471182,2860.975591900293,,,0.0,0.0,0
dcrnn,exact,67,0.03186673367464984,,31.61258260626346,2045.2882447922602,841.8046224471182,2892.5889189150184,,,0.0,0.0,0
dcrnn,exact,68,0.03176533955114859,,30.090668085962534,2075.3789128782228,841.8046224471182,2922.680406362284,,,0.0,0.0,0
dcrnn,exact,69,0.03150395221180386,,30.221000419929624,2105.5999132981524,841.8046224471182,2952.9021048219875,,,0.0,0.0,0
dcrnn,exact,70,0.031570484240849815,0.019119437497395735,30.409039619844407,2136.008952917997,901.0403443248942,3042.5487874839455,,,0.0,0.0,0
dcrnn,exact,71,0.03148173513235869,,30.42397486511618,2166.432927783113,901.0403443248942,3072.9737402400933,,,0.0,0.0,0
dcrnn,exact,72,0.0313284573731599,,30.186834124848247,2196.619761907961,901.0403443248942,3103.1612204499543,,,0.0,0.0,0
dcrnn,exact,73,0.03125917359634682,,30.3565565450117,2226.976318452973,901.0403443248942,3133.5185896041803,,,0.0,0.0,0
dcrnn,exact,74,0.03127693578048989,,30.555297608021647,2257.5316160609946,901.0403443248942,3164.074658703059,,,0.0,0.0,0
dcrnn,exact,75,0.031154125928878784,0.017109824487796195,30.361524594947696,2287.8931406559423,960.4184198179282,3253.8159779543057,,,0.0,0.0,0
dcrnn,exact,76,0.03101402410754451,,30.107475951313972,2318.0006166072562,960.4184198179282,3283.9241967401467,,,0.0,0.0,0
dcrnn,exact,77,0.030834341490710224,,30.332795192021877,2348.333411799278,960.4184198179282,3314.257933150977,,,0.0,0.0,0
dcrnn,exact,78,0.030864218870798748,,30.32330801896751,2378.6567198182456,960.4184198179282,3344.5819957479835,,,0.0,0.0,0
dcrnn,exact,79,0.030812052664933382,,30.54040656425059,2409.197126382496,960.4184198179282,3375.1259632869624,,,0.0,0.0,0
dcrnn,exact,80,0.03076985368022212,0.01685751286836771,30.555186957120895,2439.752313339617,1021.0432125367224,3466.3102625031024,,,0.0,0.0,0
dcrnn,exact,81,0.030719574954774644,,30.3127347570844,2470.0650480967015,1021.0432125367224,3496.6237180163153,,,0.0,0.0,0
dcrnn,exact,82,0.030477530426449247,,30.28065164294094,2500.3456997396424,1021.0432125367224,3526.905109633226,,,0.0,0.0,0
dcrnn,exact,83,0.030441798545696116,,30.38256842410192,2530.7282681637444,1021.0432125367224,3557.288602232933,,,0.0,0.0,0
dcrnn,exact,84,0.030455981139783508,,30.274442499037832,2561.002710662782,1021.0432125367224,3587.5637989901006,,,0.0,0.0,0
dcrnn,exact,85,0.030451324250963,0.01652623197207084,31.498749664984643,2592.501460327767,1080.2390756425448,3678.2603555950336,,,0.0,0.0,0
dcrnn,exact,86,0.030459270433143334,,30.349423408973962,2622.850883736741,1080.2390756425448,3708.6107191122137,,,0.0,0.0,0
dcrnn,exact,87,0.030197836734630442,,30.314283473882824,2653.1651672106236,1080.2390756425448,3738.9256688812748,,,0.0,0.0,0
dcrnn,exact,88,0.030449902569806134,,30.31852033501491,2683.4836875456385,1080.2390756425448,3769.244941550307,,,0.0,0.0,0
dcrnn,exact,89,0.03013616579550284,,30.313824464101344,2713.79751200974,1080.2390756425448,3799.559635173995,,,0.0,0.0,0
dcrnn,exact,90,0.030020259044788503,0.01483067526267125,30.44822920905426,2744.245741218794,1139.579093129374,3889.3496376993135,,,0.0,0.0,0
dcrnn,exact,91,0.03017515606350369,,30.211497899144888,2774.457239117939,1139.579093129374,3919.561887929216,,,0.0,0.0,0
dcrnn,exact,92,0.030052924597704853,,30.406130590941757,2804.863369708881,1139.579093129374,3949.9689857470803,,,0.0,0.0,0
dcrnn,exact,93,0.029802811366540415,,29.966632057912648,2834.8300017667934,1139.579093129374,3979.936306266114,,,0.0,0.0,0
dcrnn,exact,94,0.02992824051115248,,30.36361382389441,2865.193615590688,1139.579093129374,4010.3024999662302,,,0.0,0.0,0
dcrnn,exact,95,0.02973775068918864,0.013512240006373478,30.16338479379192,2895.3570003844798,1198.3411490935832,4099.229792777915,,,0.0,0.0,0
dcrnn,exact,96,0.02987635577166522,,31.421966158319265,2926.778966542799,1198.3411490935832,4130.652542243246,,,0.0,0.0,0
dcrnn,exact,97,0.029791080289416842,,30.27144154906273,2957.0504080918618,1198.3411490935832,4160.924668109976,,,0.0,0.0,0
dcrnn,exact,98,0.029694593615002103,,30.14649487193674,2987.1969029637985,1198.3411490935832,4191.072088066954,,,0.0,0.0,0
dcrnn,exact,99,0.0299846938362828,,30.127006351016462,3017.323909314815,1198.3411490935832,4221.199802293908,,,0.0,0.0,0
dcrnn,exact,100,0.030088131074552184,0.013479121602498569,30.270415643695742,3047.5943249585107,1258.5229726065882,4311.6539779021405,,,0.0,0.0,0
gconv_gru,exact,1,0.393273636146828,0.7304156376765325,30.48369369423017,30.48369369423017,58.07119694817811,91.77093553682789,,,0.0,0.0,0
gconv_gru,exact,2,0.3139940721017343,,26.809160594828427,57.292854289058596,58.07119694817811,118.58650025492534,,,0.0,0.0,0
gconv_gru,exact,3,0.2506691614786784,,26.301080676726997,83.59393496578559,58.07119694817811,144.88841631496325,,,0.0,0.0,0
gconv_gru,exact,4,0.21128165280377423,,26.202705898787826,109.79664086457342,58.07119694817811,171.0918884719722,,,0.0,0.0,0
gconv_gru,exact,5,0.18906722245392976,0.3610902749575101,26.301765576936305,136.09840644150972,115.62258036620915,254.94680733885616,,,0.0,0.0,0
gconv_gru,exact,6,0.17543539294490107,,26.679057089146227,162.77746353065595,115.62258036620915,281.6265995167196,,,0.0,0.0,0
gconv_gru,exact,7,0.1649631041067618,,26.44150403374806,189.218967564404,115.62258036620915,308.06884660199285,,,0.0,0.0,0
gconv_gru,exact,8,0.14623717466990152,,26.364594651851803,215.5835622162558,115.62258036620915,334.4341303850524,,,0.0,0.0,0
gconv_gru,exact,9,0.1344876730883563,,26.177831310778856,241.76139352703467,115.62258036620915,360.6125984750688,,,0.0,0.0,0
gconv_gru,exact,10,0.12913666831122506,0.25292722995464617,26.32088689180091,268.0822804188356,173.04160420922562,444.35416889889166,,,0.0,0.0,0
gconv_gru,exact,11,0.12469369835323757,,26.729744931217283,294.81202535005286,173.04160420922562,471.08458115300164,,,0.0,0.0,0
gconv_gru,exact,12,0.12025950131592927,,26.261665128171444,321.0736904782243,173.04160420922562,497.34693664778024,,,0.0,0.0,0
gconv_gru,exact,13,0.1166515482796563,,26.160223910119385,347.2339143883437,173.04160420922562,523.5077715758234,,,0.0,0.0,0
gconv_gru,exact,14,0.11300941749855324,,26.31769255315885,373.55160694150254,173.04160420922562,549.8261786247604,,,0.0,0.0,0
gconv_gru,exact,15,0.10960546246281376,0.20671676672421968,26.194912806153297,399.74651974765584,229.86514758924022,632.8462850628421,,,0.0,0.0,0
gconv_gru,exact,16,0.106308001059073,,26.525157792959362,426.2716775406152,229.86514758924022,659.3721268009394,,,0.0,0.0,0
gconv_gru,exact,17,0.10349364633913394,,26.581545936875045,452.85322347749025,229.86514758924022,685.954528010916,,,0.0,0.0,0
gconv_gru,exact,18,0.10084429493656864,,26.27336886478588,479.1265923422761,229.86514758924022,712.2284798957407,,,0.0,0.0,0
gconv_gru,exact,19,0.09803718990749782,,26.27195164980367,505.3985439920798,229.86514758924022,738.5010739890859,,,0.0,0.0,0
gconv_gru,exact,20,0.0957323533517343,0.17405296289003813,26.317727956920862,531.7162719490007,286.76118408329785,821.7202240079641,,,0.0,0.0,0
gconv_gru,exact,21,0.09308726257748073,,27.498127579223365,559.214399528224,286.76118408329785,849.2190151256509,,,0.0,0.0,0
gconv_gru,exact,22,0.0911971198187934,,26.547490119934082,585.7618896481581,286.76118408329785,875.7671402860433,,,0.0,0.0,0
gconv_gru,exact,23,0.0887217433364303,,26.20680552488193,611.96869517304,286.76118408329785,901.9745987919159,,,0.0,0.0,0
gconv_gru,exact,24,0.08684723465530961,,26.169250877108425,638.1379460501485,286.76118408329785,928.1444874107838,,,0.0,0.0,0
gconv_gru,exact,25,0.08515411836129648,0.14795400087650007,26.309372873976827,664.4473189241253,343.49888655217364,1011.1932989917696,,,0.0,0.0,0
gconv_gru,exact,26,0.08297006730680112,,26.30074808606878,690.7480670101941,343.49888655217364,1037.4946970450692,,,0.0,0.0,0
gconv_gru,exact,27,0.0815328801119769,,26.12912167608738,716.8771886862814,343.49888655217364,1063.6244136039168,,,0.0,0.0,0
gconv_gru,exact,28,0.08023916791986536,,26.47827517706901,743.3554638633505,343.49888655217364,1090.1034154416993,,,0.0,0.0,0
gconv_gru,exact,29,0.0788865707538746,,26.24262037081644,769.5980842341669,343.49888655217364,1116.3466277727857,,,0.0,0.0,0
gconv_gru,exact,30,0.07772681006678829,0.13015747987307036,26.245409150142223,795.8434933843091,400.28746942803264,1199.3823892977089,,,0.0,0.0,0
gconv_gru,exact,31,0.0764372569543344,,26.446930759120733,822.2904241434298,400.28746942803264,1225.8299627099186,,,0.0,0.0,0
gconv_gru,exact,32,0.07492536968655056,,26.34000114025548,848.6304252836853,400.28746942803264,1252.1705399029888,,,0.0,0.0,0
gconv_gru,exact,33,0.07368500585909243,,26.2933685220778,874.9237938057631,400.28746942803264,1278.464533871971,,,0.0,0.0,0
gconv_gru,exact,34,0.07296442323260838,,26.45624235412106,901.3800361598842,400.28746942803264,1304.92145943176,,,0.0,0.0,0
gconv_gru,exact,35,0.07276438342200385,0.11528514440243061,26.38683224376291,927.7668684036471,457.0139101683162,1388.036442482844,,,0.0,0.0,0
gconv_gru,exact,36,0.07107685892670243,,26.448635138571262,954.2155035422184,457.0139101683162,1414.4858171576634,,,0.0,0.0,0
gconv_gru,exact,37,0.06984681553310818,,26.216847196687013,980.4323507389054,457.0139101683162,1440.7032328518108,,,0.0,0.0,0
gconv_gru,exact,38,0.06903743964654428,,26.239860084839165,1006.6722108237445,457.0139101683162,1466.9437163118273,,,0.0,0.0,0
gconv_gru,exact,39,0.06757640176349217,,26.22204681392759,1032.8942576376721,457.0139101683162,1493.1664525759406,,,0.0,0.0,0
gconv_gru,exact,40,0.06695003200460363,0.10204664560464713,26.352589407004416,1059.2468470446765,514.1112811793573,1576.6181541937403,,,0.0,0.0,0
gconv_gru,exact,41,0.0656877182148121,,26.31978325592354,1085.5666303006,514.1112811793573,1602.9386323359795,,,0.0,0.0,0
gconv_gru,exact,42,0.06443736950556438,,26.372096389066428,1111.9387266896665,514.1112811793573,1629.3114872630686,,,0.0,0.0,0
gconv_gru,exact,43,0.06375213905617043,,28.838291339110583,1140.777018028777,514.1112811793573,1658.1504626399837,,,0.0,0.0,0
gconv_gru,exact,44,0.06272357702255249,,26.62800784688443,1167.4050258756615,514.1112811793573,1684.7792884348892,,,0.0,0.0,0
gconv_gru,exact,45,0.062435139108587195,0.0909524468275217,26.46277730865404,1193.8678031843156,571.8688127603382,1769.001302964054,,,0.0,0.0,0
gconv_gru,exact,46,0.06143914328681098,,26.60680992761627,1220.4746131119318,571.8688127603382,1795.608813222032,,,0.0,0.0,0
gconv_gru,exact,47,0.06080266502168444,,26.41111390432343,1246.8857270162553,571.8688127603382,1822.020697762724,,,0.0,0.0,0
gconv_gru,exact,48,0.05988013302838361,,26.342543063685298,1273.2282700799406,571.8688127603382,1848.363881254103,,,0.0,0.0,0
gconv_gru,exact,49,0.05897070743419506,,26.41105613298714,1299.6393262129277,571.8688127603382,1874.7756114699878,,,0.0,0.0,0
gconv_gru,exact,50,0.05817249748441908,0.08024822290127094,26.40021515917033,1326.039541372098,629.0203758194111,1958.3290818310343,,,0.0,0.0,0
gconv_gru,exact,51,0.057184718273304125,,26.470916755963117,1352.5104581280611,629.0203758194111,1984.800637640059,,,0.0,0.0,0
gconv_gru,exact,52,0.056926230589548744,,26.51609465200454,1379.0265527800657,629.0203758194111,2011.3174186390825,,,0.0,0.0,0
gconv_gru,exact,53,0.05691642672927291,,26.623635379597545,1405.6501881596632,629.0203758194111,2037.941730522085,,,0.0,0.0,0
gconv_gru,exact,54,0.05542822458125927,,26.34613460302353,1431.9963227626868,629.0203758194111,2064.2885531880893,,,0.0,0.0,0
gconv_gru,exact,55,0.05523485607571072,0.07311668075048007,26.470622667111456,1458.4669454297982,686.2268934785388,2147.9675621110946,,,0.0,0.0,0
gconv_gru,exact,56,0.05513917958294904,,26.4934104019776,1484.9603558317758,686.2268934785388,2174.46163376607,,,0.0,0.0,0
gconv_gru,exact,57,0.05359473051848235,,26.452218737918884,1511.4125745696947,686.2268934785388,2200.9145463770255,,,0.0,0.0,0
gconv_gru,exact,58,0.053372619328675444,,26.52552461018786,1537.9380991798826,686.2268934785388,2227.4408845109865,,,0.0,0.0,0
gconv_gru,exact,59,0.052872026408160175,,26.58339803898707,1564.5214972188696,686.2268934785388,2254.0273305648006,,,0.0,0.0,0
gconv_gru,exact,60,0.05271683798895942,0.07029775472787711,26.67911967402324,1591.2006168928929,743.4308978957124,2337.9123549559154,,,0.0,0.0,0
gconv_gru,exact,61,0.05270454618665907,,26.80190727720037,1618.0025241700932,743.4308978957124,2364.715010459069,,,0.0,0.0,0
gconv_gru,exact,62,0.052606973383161754,,26.41718721576035,1644.4197113858536,743.4308978957124,2391.132861333899,,,0.0,0.0,0
gconv_gru,exact,63,0.051985325636687105,,26.43090615933761,1670.8506175451912,743.4308978957124,2417.5671124788933,,,0.0,0.0,0
gconv_gru,exact,64,0.05041157757794416,,26.464249179232866,1697.314866724424,743.4308978957124,2444.031994552817,,,0.0,0.0,0
gconv_gru,exact,65,0.05250287939001013,0.07201114296913147,28.945776409935206,1726.2606431343593,800.3834493667819,2529.931056414731,,,0.0,0.0,0
gconv_gru,exact,66,0.05121148957146539,,26.532345537096262,1752.7929886714555,800.3834493667819,2556.46422133781,,,0.0,0.0,0
gconv_gru,exact,67,0.05021690660052829,,26.837363641243428,1779.630352312699,800.3834493667819,2583.3022395488806,,,0.0,0.0,0
gconv_gru,exact,68,0.05202585017239606,,26.553363339975476,1806.1837156526744,800.3834493667819,2609.856254827697,,,0.0,0.0,0
gconv_gru,exact,69,0.052200255570588286,,26.41640891926363,1832.600124571938,800.3834493667819,2636.2734001320787,,,0.0,0.0,0
gconv_gru,exact,70,0.05171318407411928,0.0583801086132343,26.469582858961076,1859.0697074308991,857.5829499247484,2719.9442607066594,,,0.0,0.0,0
gconv_gru,exact,71,0.049724863635169134,,26.37991812080145,1885.4496255517006,857.5829499247484,2746.3248912040144,,,0.0,0.0,0
gconv_gru,exact,72,0.048181754571420175,,26.61950787808746,1912.069133429788,857.5829499247484,2772.945157378912,,,0.0,0.0,0
gconv_gru,exact,73,0.047350547931812426,,26.74519618228078,1938.8143296120688,857.5829499247484,2799.6909902547486,,,0.0,0.0,0
gconv_gru,exact,74,0.04820148370884083,,26.489715040661395,1965.3040446527302,857.5829499247484,2826.181524632033,,,0.0,0.0,0
gconv_gru,exact,75,0.049331371430997493,0.05263231580074017,26.515284114982933,1991.8193287677132,914.6649705856107,2909.7805752749555,,,0.0,0.0,0
gconv_gru,exact,76,0.04625200783764875,,26.599452507682145,2018.4187812753953,914.6649705856107,2936.3807291770354,,,0.0,0.0,0
gconv_gru,exact,77,0.04575231560954341,,26.435176046099514,2044.8539573214948,914.6649705856107,2962.8165137916803,,,0.0,0.0,0
gconv_gru,exact,78,0.04649367155852141,,26.627698611002415,2071.4816559324972,914.6649705856107,2989.4448515749536,,,0.0,0.0,0
gconv_gru,exact,79,0.04602763387891981,,26.71332149533555,2098.194977427833,914.6649705856107,3016.1589766279794,,,0.0,0.0,0
gconv_gru,exact,80,0.045921511120266385,0.0512544558598445,26.559692432638258,2124.754669860471,972.0626073745079,3100.1180579289794,,,0.0,0.0,0
gconv_gru,exact,81,0.045534765278851544,,26.602264816872776,2151.356934677344,972.0626073745079,3126.720977024641,,,0.0,0.0,0
gconv_gru,exact,82,0.045228026531360765,,26.41806127410382,2177.7749959514476,972.0626073745079,3153.139851013664,,,0.0,0.0,0
gconv_gru,exact,83,0.04635489428484881,,26.336946377996355,2204.111942329444,972.0626073745079,3179.477452074643,,,0.0,0.0,0
gconv_gru,exact,84,0.04558639835428308,,26.821311408653855,2230.933253738098,972.0626073745079,3206.2994525176473,,,0.0,0.0,0
gconv_gru,exact,85,0.04464820800004182,0.04632801505235525,26.648463026154786,2257.5817167642526,1031.4359957086854,3292.3230278328992,,,0.0,0.0,0
gconv_gru,exact,86,0.04616029836513378,,26.58849366288632,2284.170210427139,1031.4359957086854,3318.912218019832,,,0.0,0.0,0
gconv_gru,exact,87,0.04624668757120768,,26.425419064238667,2310.5956294913776,1031.4359957086854,3345.3383615119383,,,0.0,0.0,0
gconv_gru,exact,88,0.04846479274608471,,26.428625356871635,2337.0242548482493,1031.4359957086854,3371.7676054206677,,,0.0,0.0,0
gconv_gru,exact,89,0.04759393577222471,,26.4443845693022,2363.4686394175515,1031.4359957086854,3398.2126842876896,,,0.0,0.0,0
gconv_gru,exact,90,0.04749876702273333,0.04994700734431927,26.633942022919655,2390.102581440471,1088.577068190556,3481.9884338947013,,,0.0,0.0,0
gconv_gru,exact,91,0.04498687055375841,,26.52815857809037,2416.6307400185615,1088.577068190556,3508.517388219014,,,0.0,0.0,0
gconv_gru,exact,92,0.04412694772084554,,26.4200927070342,2443.0508327255957,1088.577068190556,3534.9382210308686,,,0.0,0.0,0
gconv_gru,exact,93,0.04342110951741537,,26.419807793572545,2469.4706405191682,1088.577068190556,3561.3587265829556,,,0.0,0.0,0
gconv_gru,exact,94,0.04340947336620755,,26.55218855990097,2496.022829079069,1088.577068190556,3587.911587413866,,,0.0,0.0,0
gconv_gru,exact,95,0.04395012943832963,0.046474491174404435,26.515664771664888,2522.538493850734,1145.9520052806474,3671.8030380178243,,,0.0,0.0,0
gconv_gru,exact,96,0.04374421967400445,,26.6008602110669,2549.139354061801,1145.9520052806474,3698.4046185510233,,,0.0,0.0,0
gconv_gru,exact,97,0.042977352937062584,,26.54669987410307,2575.686053935904,1145.9520052806474,3724.9519584276713,,,0.0,0.0,0
gconv_gru,exact,98,0.043305946720971,,26.38499370869249,2602.0710476445965,1145.9520052806474,3751.337703925092,,,0.0,0.0,0
gconv_gru,exact,99,0.04377717000466806,,26.563780190888792,2628.6348278354853,1145.9520052806474,3777.9021307928488,,,0.0,0.0,0
gconv_gru,exact,100,0.04335220875563445,0.04284230447732485,26.470894143916667,2655.105721979402,1203.3004467594437,3861.723332819063,,,0.0,0.0,0
gconv_gru,cache,1,0.39327370678936996,0.7304156376765325,36.58338908711448,36.58338908711448,78.40288294758648,117.68496385216713,,,0.0,0.0,0
gconv_gru,cache,2,0.31399403678046334,,36.286735739093274,72.87012482620776,78.40288294758648,153.97277780529112,,,0.0,0.0,0
gconv_gru,cache,3,0.2506691438180429,,35.803788338787854,108.67391316499561,78.40288294758648,189.7776391711086,,,0.0,0.0,0
gconv_gru,cache,4,0.2112816439734565,,35.68604433396831,144.35995749896392,78.40288294758648,225.46479682298377,,,0.0,0.0,0
gconv_gru,cache,5,0.18906722245392976,0.3610902749575101,35.71588926995173,180.07584676891565,156.33679700875655,339.11664611520246,,,0.0,0.0,0
gconv_gru,cache,6,0.17543539294490107,,35.96604603296146,216.0418928018771,156.33679700875655,375.08378493925557,,,0.0,0.0,0
gconv_gru,cache,7,0.16496309527644404,,36.71150438115001,252.75339718302712,156.33679700875655,411.79642276931554,,,0.0,0.0,0
gconv_gru,cache,8,0.14623714817894828,,35.85334949102253,288.60674667404965,156.33679700875655,447.6509983120486,,,0.0,0.0,0
gconv_gru,cache,9,0.13448766425803857,,36.5455919848755,325.15233865892515,156.33679700875655,484.19763101125136,,,0.0,0.0,0
gconv_gru,cache,10,0.1291366727263839,0.25292722995464617,34.6298386673443,359.78217732626945,229.39407284045592,591.8868514019996,,,0.0,0.0,0
gconv_gru,cache,11,0.1246936939380787,,34.225832318887115,394.00800964515656,229.39407284045592,626.113755735103,,,0.0,0.0,0
gconv_gru,cache,12,0.12025951456140589,,34.247687310911715,428.2556969560683,229.39407284045592,660.3626132928766,,,0.0,0.0,0
gconv_gru,cache,13,0.11665156152513292,,34.339210448320955,462.59490740438923,229.39407284045592,694.7028151480481,,,0.0,0.0,0
gconv_gru,cache,14,0.11300942191371212,,34.33416355680674,496.929070961196,229.39407284045592,729.0381146091968,,,0.0,0.0,0
gconv_gru,cache,15,0.10960548012344926,0.2067167850641104,34.15816623205319,531.0872371932492,304.00419841101393,837.8085310650058,,,0.0,0.0,0
gconv_gru,cache,16,0.106308001059073,,34.36004863400012,565.4472858272493,304.00419841101393,872.1696150749922,,,0.0,0.0,0
gconv_gru,cache,17,0.10349366399976942,,35.212981193792075,600.6602670210414,304.00419841101393,907.383613252081,,,0.0,0.0,0
gconv_gru,cache,18,0.10084432584268076,,34.13068740675226,634.7909544277936,304.00419841101393,941.5153419892304,,,0.0,0.0,0
gconv_gru,cache,19,0.09803719873781558,,34.148940277285874,668.9398947050795,304.00419841101393,975.665277000051,,,0.0,0.0,0
gconv_gru,cache,20,0.09573236218205204,0.17405299039987418,34.323918803129345,703.2638135082088,377.6210408550687,1083.608188885264,,,0.0,0.0,0
gconv_gru,cache,21,0.09308727140779849,,34.30298850685358,737.5668020150624,377.6210408550687,1117.9122126381844,,,0.0,0.0,0
gconv_gru,cache,22,0.09119712423395228,,34.246398671064526,771.813200686127,377.6210408550687,1152.1598153063096,,,0.0,0.0,0
gconv_gru,cache,23,0.08872174775158917,,34.15296052303165,805.9661612091586,377.6210408550687,1186.3137861848809,,,0.0,0.0,0
gconv_gru,cache,24,0.08684723907046848,,34.8935374119319,840.8596986210905,377.6210408550687,1221.208375853952,,,0.0,0.0,0
gconv_gru,cache,25,0.0851541139461376,0.14795402838633612,33.8641021377407,874.7238007588312,451.7351733301766,1329.1888482812792,,,0.0,0.0,0
gconv_gru,cache,26,0.08297006730680112,,34.21722925500944,908.9410300138406,451.7351733301766,1363.4072038121521,,,0.0,0.0,0
gconv_gru,cache,27,0.0815328801119769,,34.26509942673147,943.2061294405721,451.7351733301766,1397.6733304560184,,,0.0,0.0,0
gconv_gru,cache,28,0.08023916791986536,,34.3252855730243,977.5314150135964,451.7351733301766,1431.999717131257,,,0.0,0.0,0
gconv_gru,cache,29,0.07888658399935122,,34.24850264377892,1011.7799176573753,451.7351733301766,1466.2492118212394,,,0.0,0.0,0
gconv_gru,cache,30,0.07772681889710603,0.1301575073829064,34.512900634203106,1046.2928182915784,525.5885097379796,1574.6176448082551,,,0.0,0.0,0
gconv_gru,cache,31,0.07643723929369892,,35.22525679599494,1081.5180750875734,525.5885097379796,1609.8440981800668,,,0.0,0.0,0
gconv_gru,cache,32,0.07492539396992436,,34.04865039465949,1115.5667254822329,525.5885097379796,1643.8937420812435,,,0.0,0.0,0
gconv_gru,cache,33,0.07368504780310171,,33.943846504203975,1149.5105719864368,525.5885097379796,1677.8387617669068,,,0.0,0.0,0
gconv_gru,cache,34,0.07296447621451484,,34.071081885136664,1183.5816538715735,525.5885097379796,1711.910855498165,,,0.0,0.0,0
gconv_gru,cache,35,0.0727645578207793,0.11528580922346848,35.09347994904965,1218.6751338206232,599.2247049626894,1820.6426383159123,,,0.0,0.0,0
gconv_gru,cache,36,0.07107679711447822,,34.523641782812774,1253.198775603436,599.2247049626894,1855.1673677321523,,,0.0,0.0,0
gconv_gru,cache,37,0.06984695902577152,,34.17964450689033,1287.3784201103263,599.2247049626894,1889.3480441872962,,,0.0,0.0,0
gconv_gru,cache,38,0.0690378193502073,,34.32466208515689,1321.7030821954831,599.2247049626894,1923.6737203621306,,,0.0,0.0,0
gconv_gru,cache,39,0.06757654746373494,,34.33901645988226,1356.0420986553654,599.2247049626894,1958.0137954810634,,,0.0,0.0,0
gconv_gru,cache,40,0.06695000330607097,0.1020436378625723,35.1596719105728,1391.2017705659382,672.4336082190275,2066.38445879519,,,0.0,0.0,0
gconv_gru,cache,41,0.06568701620455142,,34.138192140031606,1425.3399627059698,672.4336082190275,2100.5238425009884,,,0.0,0.0,0
gconv_gru,cache,42,0.06443702512317234,,34.15799685521051,1459.4979595611803,672.4336082190275,2134.682844901923,,,0.0,0.0,0
gconv_gru,cache,43,0.06375204413025468,,35.20920965820551,1494.7071692193858,672.4336082190275,2169.8932429030538,,,0.0,0.0,0
gconv_gru,cache,44,0.06272317965825398,,34.14059125399217,1528.847760473378,672.4336082190275,2204.034839961212,,,0.0,0.0,0
gconv_gru,cache,45,0.06243672415062233,0.09095911337779118,33.93054718570784,1562.7783076590858,745.737980064936,2311.2719563860446,,,0.0,0.0,0
gconv_gru,cache,46,0.06143467073087339,,34.329865938052535,1597.1081735971384,745.737980064936,2345.602868103888,,,0.0,0.0,0
gconv_gru,cache,47,0.06080059210459391,,34.78800961980596,1631.8961832169443,745.737980064936,2380.3921177708544,,,0.0,0.0,0
gconv_gru,cache,48,0.05989285751625344,,33.69690397521481,1665.5930871921591,745.737980064936,2414.0900067002513,,,0.0,0.0,0
gconv_gru,cache,49,0.05894861397919832,,33.77029196033254,1699.3633791524917,745.737980064936,2447.861387182027,,,0.0,0.0,0
gconv_gru,cache,50,0.0580959297992565,0.07993204318560086,33.721463984809816,1733.0848431373015,818.6650858889334,2554.512055402156,,,0.0,0.0,0
gconv_gru,cache,51,0.05726601017846002,,35.19334279699251,1768.278185934294,818.6650858889334,2589.7064833771437,,,0.0,0.0,0
gconv_gru,cache,52,0.05681080950631036,,33.94205099903047,1802.2202369333245,818.6650858889334,2623.649514626246,,,0.0,0.0,0
gconv_gru,cache,53,0.05613215764363607,,34.06109927315265,1836.2813362064771,818.6650858889334,2657.7116515911184,,,0.0,0.0,0
gconv_gru,cache,54,0.055610831137056706,,33.89673098595813,1870.1780671924353,818.6650858889334,2691.6093694879673,,,0.0,0.0,0
gconv_gru,cache,55,0.055270236951333505,0.07083949446678162,33.97834776295349,1904.1564149553888,892.9411562690511,2799.865893245209,,,0.0,0.0,0
gconv_gru,cache,56,0.05471626255247328,,33.968894748948514,1938.1253097043373,892.9411562690511,2833.835834587924,,,0.0,0.0,0
gconv_gru,cache,57,0.05441012647416857,,34.09026252711192,1972.2155722314492,892.9411562690511,2867.9272202891298,,,0.0,0.0,0
gconv_gru,cache,58,0.054899228943718806,,33.90467206900939,2006.1202443004586,892.9411562690511,2901.832913932856,,,0.0,0.0,0
gconv_gru,cache,59,0.05785638535464251,,34.17926222132519,2040.2995065217838,892.9411562690511,2936.013403912075,,,0.0,0.0,0
gconv_gru,cache,60,0.05680566805380362,0.07359783695294307,34.044294783845544,2074.3438013056293,967.7619890891947,3044.8796017263085,,,0.0,0.0,0
gconv_gru,cache,61,0.05285808995917991,,34.584523412864655,2108.928324718494,967.7619890891947,3079.4651930220425,,,0.0,0.0,0
gconv_gru,cache,62,0.053356667359670006,,34.31913839932531,2143.2474631178193,967.7619890891947,3113.7855274649337,,,0.0,0.0,0
gconv_gru,cache,63,0.051115464281152795,,35.35284772608429,2178.6003108439036,967.7619890891947,3149.139372914098,,,0.0,0.0,0
gconv_gru,cache,64,0.05145341820187039,,33.978541798423976,2212.5788526423275,967.7619890891947,3183.118953031022,,,0.0,0.0,0
gconv_gru,cache,65,0.05111511106844301,0.05974346857804518,33.92057546414435,2246.499428106472,1041.0570580130443,3290.33686026698,,,0.0,0.0,0
gconv_gru,cache,66,0.05167919176596182,,34.19512649811804,2280.69455460459,1041.0570580130443,3324.5332046011463,,,0.0,0.0,0
gconv_gru,cache,67,0.05063614359608403,,34.201501682866365,2314.8960562874563,1041.0570580130443,3358.7357035069726,,,0.0,0.0,0
gconv_gru,cache,68,0.04877600625709251,,34.37386134080589,2349.269917628262,1041.0570580130443,3393.1107622012496,,,0.0,0.0,0
gconv_gru,cache,69,0.04854313532511393,,35.280948447063565,2384.5508660753258,1041.0570580130443,3428.392732601147,,,0.0,0.0,0
gconv_gru,cache,70,0.05086998365543507,0.07174491194578317,34.23274705512449,2418.7836131304502,1115.5719763389789,3537.1414728919044,,,0.0,0.0,0
gconv_gru,cache,71,0.05050741301642524,,34.14368895301595,2452.927302083466,1115.5719763389789,3571.286266699899,,,0.0,0.0,0
gconv_gru,cache,72,0.047739002439710826,,34.031052127014846,2486.958354210481,1115.5719763389789,3605.3183795493096,,,0.0,0.0,0
gconv_gru,cache,73,0.04846478833092584,,34.21831776807085,2521.176671978552,1115.5719763389789,3639.537705115974,,,0.0,0.0,0
gconv_gru,cache,74,0.04931512585392705,,34.16519416216761,2555.3418661407195,1115.5719763389789,3673.7039509071037,,,0.0,0.0,0
gconv_gru,cache,75,0.0468091920570091,0.05163892186605013,34.143008620943874,2589.4848747616634,1189.1041867812164,3781.381400362123,,,0.0,0.0,0
gconv_gru,cache,76,0.04737020421911169,,34.3740766919218,2623.858951453585,1189.1041867812164,3815.7566444552504,,,0.0,0.0,0
gconv_gru,cache,77,0.048138181368509926,,35.099530646111816,2658.958482099697,1189.1041867812164,3850.857184269,,,0.0,0.0,0
gconv_gru,cache,78,0.04562147016878481,,34.21602389309555,2693.1745059927925,1189.1041867812164,3885.07443165686,,,0.0,0.0,0
gconv_gru,cache,79,0.04652311404546102,,35.09733230667189,2728.2718382994644,1189.1041867812164,3920.1728284512646,,,0.0,0.0,0
gconv_gru,cache,80,0.046584767323953134,0.050859304574819714,33.80055292695761,2762.072391226422,1262.0883951638825,4026.9596657142974,,,0.0,0.0,0
gconv_gru,cache,81,0.04702572910873978,,33.9819776089862,2796.0543688354082,1262.0883951638825,4060.942828234285,,,0.0,0.0,0
gconv_gru,cache,82,0.05023283428615994,,34.08113524783403,2830.1355040832423,1262.0883951638825,4095.025007976219,,,0.0,0.0,0
gconv_gru,cache,83,0.046345024197189895,,34.08447190700099,2864.2199759902433,1262.0883951638825,4129.110476904083,,,0.0,0.0,0
gconv_gru,cache,84,0.05048852938192862,,34.115029137115926,2898.335005127359,1262.0883951638825,4163.226723153144,,,0.0,0.0,0
gconv_gru,cache,85,0.04732770169222796,0.05925756005140451,34.0819032760337,2932.416908403393,1336.2676528715529,4271.488970509265,,,0.0,0.0,0
gconv_gru,cache,86,0.04814191217775698,,34.85222663311288,2967.2691350365058,1336.2676528715529,4306.3422935679555,,,0.0,0.0,0
gconv_gru,cache,87,0.04517780630676835,,33.71643236791715,3000.985567404423,1336.2676528715529,4340.059945085086,,,0.0,0.0,0
gconv_gru,cache,88,0.04461447618625782,,33.7307138890028,3034.7162812934257,1336.2676528715529,4373.79167787591,,,0.0,0.0,0
gconv_gru,cache,89,0.044077948287681294,,34.018534866161644,3068.7348161595874,1336.2676528715529,4407.811303474009,,,0.0,0.0,0
gconv_gru,cache,90,0.044127821922302246,0.049247209842388444,33.83246923517436,3102.5672853947617,1409.5609963834286,4514.93921132898,,,0.0,0.0,0
gconv_gru,cache,91,0.04398434029685126,,34.36617198213935,3136.933457376901,1409.5609963834286,4549.306475980207,,,0.0,0.0,0
gconv_gru,cache,92,0.044505675633748375,,34.27746266499162,3171.2109200418927,1409.5609963834286,4583.5849540298805,,,0.0,0.0,0
gconv_gru,cache,93,0.044495074837296096,,34.233815874904394,3205.444735916797,1409.5609963834286,4617.8198206531815,,,0.0,0.0,0
gconv_gru,cache,94,0.04573707227353697,,34.238698496017605,3239.6834344128147,1409.5609963834286,4652.0595104820095,,,0.0,0.0,0
gconv_gru,cache,95,0.0510719550980462,0.0600968232521644,35.01821566512808,3274.7016500779428,1482.5529902614653,4760.070849892218,,,0.0,0.0,0
gconv_gru,cache,96,0.04681422313054403,,34.13068361021578,3308.8323336881585,1482.5529902614653,4794.20257996209,,,0.0,0.0,0
gconv_gru,cache,97,0.046085086133744985,,34.22307375492528,3343.055407443084,1482.5529902614653,4828.4266729331575,,,0.0,0.0,0
gconv_gru,cache,98,0.044070155532271775,,34.17359960870817,3377.229007051792,1482.5529902614653,4862.601327300072,,,0.0,0.0,0
gconv_gru,cache,99,0.043012157634452534,,34.2217820296064,3411.4507890813984,1482.5529902614653,4896.824360607192,,,0.0,0.0,0
gconv_gru,cache,100,0.04284082739441483,0.04186769173695491,34.229716792237014,3445.6805058736354,1556.103905190248,5004.607056576293,,,0.0,0.0,0
gconv_gru,comp,1,0.39327367146809894,0.7304156376765325,34.7668342301622,34.7668342301622,76.55739070707932,122.2066050269641,0.5,0.622459352016449,0.0,0.0,0
gconv_gru,comp,2,0.31399403678046334,,34.98982668388635,69.75666091404855,76.55739070707932,157.19805794768035,0.5,0.622459352016449,0.0,0.0,0
gconv_gru,comp,3,0.2506691438180429,,34.45516094332561,104.21182185737416,76.55739070707932,191.65487250778824,0.5,0.622459352016449,0.0,0.0,0
gconv_gru,comp,4,0.2112816439734565,,35.122621080838144,139.3344429382123,76.55739070707932,226.778921734076,0.5,0.622459352016449,0.0,0.0,0
gconv_gru,comp,5,0.18906722245392976,0.3610902749575101,34.53777449578047,173.87221743399277,150.14270004210994,334.9271500450559,0.5,0.622459352016449,0.0,0.0,0
gconv_gru,comp,6,0.17543539294490107,,34.43419104581699,208.30640847980976,150.14270004210994,369.3627828229219,0.5,0.622459352016449,0.0,0.0,0
gconv_gru,comp,7,0.1649631041067618,,36.02438886882737,244.33079734863713,150.14270004210994,405.3886260208674,0.5,0.622459352016449,0.0,0.0,0
gconv_gru,comp,8,0.1462371658395838,,37.374172284733504,281.70496963337064,150.14270004210994,442.7642299756408,0.5,0.622459352016449,0.0,0.0,0
gconv_gru,comp,9,0.13448766867319742,,35.99693142995238,317.701901063323,150.14270004210994,478.7626739279367,0.5,0.622459352016449,0.0,0.0,0
gconv_gru,comp,10,0.12913666831122506,0.25292722995464617,35.90167818684131,353.60357925016433,227.57657341007143,592.1113866036758,0.5,0.622459352016449,0.0,0.0,0
gconv_gru,comp,11,0.12469369835323757,,36.12985842814669,389.733437678311,227.57657341007143,628.2427521389909,0.5,0.622459352016449,0.0,0.0,0
gconv_gru,comp,12,0.12025951014624701,,36.05511750373989,425.7885551820509,227.57657341007143,664.2993090138771,0.5,0.622459352016449,0.0,0.0,0
gconv_gru,comp,13,0.11665156152513292,,36.128105762880296,461.9166609449312,227.57657341007143,700.4288205429912,0.5,0.622459352016449,0.0,0.0,0
gconv_gru,comp,14,0.11300941749855324,,35.87373722624034,497.79039817117155,227.57657341007143,736.3040095698088,0.5,0.622459352016449,0.0,0.0,0
gconv_gru,comp,15,0.10960547129313152,0.2067168034040011,35.931429440155625,533.7218276113272,305.998375039082,850.6757671269588,0.5,0.622459352016449,0.0,0.0,0
gconv_gru,comp,16,0.106308001059073,,37.506598794832826,571.22842640616,305.998375039082,888.1839633900672,0.5,0.622459352016449,0.0,0.0,0
gconv_gru,comp,17,0.10349364633913394,,36.37077235803008,607.5991987641901,305.998375039082,924.5561551298015,0.5,0.622459352016449,0.0,0.0,0
gconv_gru,comp,18,0.10084429935172752,,36.329515531193465,643.9287142953835,305.998375039082,960.8870667726733,0.5,0.622459352016449,0.0,0.0,0
gconv_gru,comp,19,0.09803718990749782,,36.70088580297306,680.6296000983566,305.998375039082,997.5894200876355,0.5,0.622459352016449,0.0,0.0,0
gconv_gru,comp,20,0.09573235776689318,0.17405296289003813,36.92238146159798,717.5519815599546,383.5075192321092,1112.0391476596706,0.5,0.622459352016449,0.0,0.0,0
gconv_gru,comp,21,0.09308726699263961,,36.205749270971864,753.7577308309264,383.5075192321092,1148.2463849289343,0.5,0.622459352016449,0.0,0.0,0
gconv_gru,comp,22,0.09119711540363452,,36.356503933202475,790.1142347641289,383.5075192321092,1184.6043045809492,0.5,0.622459352016449,0.0,0.0,0
gconv_gru,comp,23,0.0887217433364303,,36.374790894798934,826.4890256589279,383.5075192321092,1220.9805694487877,0.5,0.622459352016449,0.0,0.0,0
gconv_gru,comp,24,0.08684723907046848,,37.43521185871214,863.92423751764,383.5075192321092,1258.417281627655,0.5,0.622459352016449,0.0,0.0,0
gconv_gru,comp,25,0.08515412277645534,0.1479539962915274,36.261186226736754,900.1854237443767,462.3180320849642,1373.5065071489662,0.5,0.622459352016449,0.0,0.0,0
gconv_gru,comp,26,0.08297006289164226,,36.45538222556934,936.6408059699461,462.3180320849642,1409.9635262857191,0.5,0.622459352016449,0.0,0.0,0
gconv_gru,comp,27,0.08153288894229466,,36.00639033317566,972.6471963031217,462.3180320849642,1445.9713284010068,0.5,0.622459352016449,0.0,0.0,0
gconv_gru,comp,28,0.08023917233502423,,36.277835278306156,1008.9250315814279,462.3180320849642,1482.2505950378254,0.5,0.622459352016449,0.0,0.0,0
gconv_gru,comp,29,0.07888657958419235,,36.23755144979805,1045.162583031226,462.3180320849642,1518.489801372867,0.5,0.622459352016449,0.0,0.0,0
gconv_gru,comp,30,0.07772683655774151,0.1301575761574965,36.08634677529335,1081.2489298065193,539.7498716311529,1632.0319025898352,0.5,0.622459352016449,0.0,0.0,0
gconv_gru,comp,31,0.07643729669076425,,37.82398302387446,1119.0729128303938,539.7498716311529,1669.8573769167997,0.5,0.622459352016449,0.0,0.0,0
gconv_gru,comp,32,0.07492536085623282,,36.25511691579595,1155.3280297461897,539.7498716311529,1706.113948883023,0.5,0.622459352016449,0.0,0.0,0
gconv_gru,comp,33,0.07368500585909243,,36.0588913038373,1191.386921050027,539.7498716311529,1742.174308242742,0.5,0.622459352016449,0.0,0.0,0
gconv_gru,comp,34,0.0729643945340757,,36.28481066087261,1227.6717317108996,539.7498716311529,1778.4605246968567,0.5,0.622459352016449,0.0,0.0,0
gconv_gru,comp,35,0.07276435030831231,0.11528496558849628,37.35936453426257,1265.0310962451622,617.2304329141043,1893.3177509559318,0.5,0.622459352016449,0.0,0.0,0
gconv_gru,comp,36,0.07107682581301089,,36.43188198842108,1301.4629782335833,617.2304329141043,1929.7511306628585,0.5,0.622459352016449,0.0,0.0,0
gconv_gru,comp,37,0.06984688176049127,,36.101096672937274,1337.5640749065205,617.2304329141043,1965.8537945169955,0.5,0.622459352016449,0.0,0.0,0
gconv_gru,comp,38,0.06903765598932902,,36.22590895090252,1373.789983857423,617.2304329141043,2002.0811330126598,0.5,0.622459352016449,0.0,0.0,0
gconv_gru,comp,39,0.06757638189527723,,36.310022186953574,1410.1000060443766,617.2304329141043,2038.392596420832,0.5,0.622459352016449,0.0,0.0,0
gconv_gru,comp,40,0.0669498531906693,0.10204484829535851,37.03413118934259,1447.1341372337192,695.6807709080167,2153.89595888881,0.5,0.622459352016449,0.0,0.0,0
gconv_gru,comp,41,0.06568729877471924,,36.19733186298981,1483.331469096709,695.6807709080167,2190.094665830955,0.5,0.622459352016449,0.0,0.0,0
gconv_gru,comp,42,0.06443719510678891,,35.877202317584306,1519.2086714142933,695.6807709080167,2225.973370129708,0.5,0.622459352016449,0.0,0.0,0
gconv_gru,comp,43,0.063752222944189,,37.141554546076804,1556.3502259603702,695.6807709080167,2263.1163140586577,0.5,0.622459352016449,0.0,0.0,0
gconv_gru,comp,44,0.06272376908196343,,36.89189628791064,1593.2421222482808,695.6807709080167,2300.0096871838905,0.5,0.622459352016449,0.0,0.0,0
gconv_gru,comp,45,0.06243753433227539,0.09096353329144992,36.658549565821886,1629.9006718141027,773.9049769877456,2414.9185408600606,0.5,0.622459352016449,0.0,0.0,0
gconv_gru,comp,46,0.06143420934677124,,35.91535730008036,1665.816029114183,773.9049769877456,2450.8353835507296,0.5,0.622459352016449,0.0,0.0,0
gconv_gru,comp,47,0.06080110867818197,,37.09988104784861,1702.9159101620317,773.9049769877456,2487.9366026818752,0.5,0.622459352016449,0.0,0.0,0
gconv_gru,comp,48,0.059896908424518724,,36.174267495051026,1739.0901776570827,773.9049769877456,2524.112357384991,0.5,0.622459352016449,0.0,0.0,0
gconv_gru,comp,49,0.05894421427338212,,36.283725580666214,1775.373903237749,773.9049769877456,2560.3974642418325,0.5,0.622459352016449,0.0,0.0,0
gconv_gru,comp,50,0.05807881443588822,0.07986790858782254,36.36264600884169,1811.7365492465906,851.1270893216133,2674.0011596726254,0.5,0.622459352016449,0.0,0.0,0
gconv_gru,comp,51,0.057290710784770826,,37.211454370990396,1848.948003617581,851.1270893216133,2711.214057368692,0.5,0.622459352016449,0.0,0.0,0
gconv_gru,comp,52,0.05680643187628852,,36.03520534792915,1884.9832089655101,851.1270893216133,2747.250676804688,0.5,0.622459352016449,0.0,0.0,0
gconv_gru,comp,53,0.05604796939425998,,35.95636876206845,1920.9395777275786,851.1270893216133,2783.208577599842,0.5,0.622459352016449,0.0,0.0,0
gconv_gru,comp,54,0.05547698118068554,,35.9110297113657,1956.8506074389443,851.1270893216133,2819.1209729239345,0.5,0.622459352016449,0.0,0.0,0
gconv_gru,comp,55,0.055260031311600295,0.07146137494307297,36.71286825183779,1993.563475690782,929.5932409707457,2934.3190247318707,0.5,0.622459352016449,0.0,0.0,0
gconv_gru,comp,56,0.05455921093622843,,35.80518960393965,2029.3686652947217,929.5932409707457,2970.1256365650333,0.5,0.622459352016449,0.0,0.0,0
gconv_gru,comp,57,0.05400025623816031,,36.08359839208424,2065.452263686806,929.5932409707457,3006.2106222030707,0.5,0.622459352016449,0.0,0.0,0
gconv_gru,comp,58,0.05359741272749724,,36.39072553580627,2101.8429892226122,929.5932409707457,3042.602802257985,0.5,0.622459352016449,0.0,0.0,0
gconv_gru,comp,59,0.05401105792434127,,36.08528469968587,2137.928273922298,929.5932409707457,3078.6895378930494,0.5,0.622459352016449,0.0,0.0,0
gconv_gru,comp,60,0.05366532890884965,0.06557153050716107,35.57130361907184,2173.49957754137,1007.5893609868363,3192.275814420078,0.5,0.622459352016449,0.0,0.0,0
gconv_gru,comp,61,0.05201027790705363,,36.44764106394723,2209.947218605317,1007.5893609868363,3228.725065958686,0.5,0.622459352016449,0.0,0.0,0
gconv_gru,comp,62,0.05259022668555931,,36.38802472921088,2246.335243334528,1007.5893609868363,3265.1144761787727,0.5,0.622459352016449,0.0,0.0,0
gconv_gru,comp,63,0.05195210818891172,,37.40136172808707,2283.736605062615,1007.5893609868363,3302.517421128694,0.5,0.622459352016449,0.0,0.0,0
gconv_gru,comp,64,0.05325110091103448,,36.033683200366795,2319.770288262982,1007.5893609868363,3338.5526070436463,0.5,0.622459352016449,0.0,0.0,0
gconv_gru,comp,65,0.051853043061715585,0.07535645136466393,36.03778486326337,2355.8080731262453,1084.7727649048902,3451.775314698927,0.5,0.622459352016449,0.0,0.0,0
gconv_gru,comp,66,0.054535757612299035,,35.86549723986536,2391.6735703661107,1084.7727649048902,3487.642235338688,0.5,0.622459352016449,0.0,0.0,0
gconv_gru,comp,67,0.05241714804260819,,36.0607198420912,2427.734290208202,1084.7727649048902,3523.7045677318238,0.5,0.622459352016449,0.0,0.0,0
gconv_gru,comp,68,0.0493869803569935,,35.93182672513649,2463.6661169333383,1084.7727649048902,3559.637743121013,0.5,0.622459352016449,0.0,0.0,0
gconv_gru,comp,69,0.049573397194897686,,37.44780641188845,2501.113923345227,1084.7727649048902,3597.0870951586403,0.5,0.622459352016449,0.0,0.0,0
gconv_gru,comp,70,0.0485431331175345,0.05458443669172434,35.93546084687114,2537.049384192098,1163.4320875927806,3711.7009085686877,0.5,0.622459352016449,0.0,0.0,0
gconv_gru,comp,71,0.048232606163731324,,35.97546866675839,2573.0248528588563,1163.4320875927806,3747.6778525440022,0.5,0.622459352016449,0.0,0.0,0
gconv_gru,comp,72,0.04888853541126958,,35.97016409318894,2608.9950169520453,1163.4320875927806,3783.6494751027785,0.5,0.622459352016449,0.0,0.0,0
gconv_gru,comp,73,0.04995607667499118,,36.10751057881862,2645.102527530864,1163.4320875927806,3819.7583545339294,0.5,0.622459352016449,0.0,0.0,0
gconv_gru,comp,74,0.050002981115270545,,36.088543435093015,2681.191070965957,1163.4320875927806,3855.8483603377827,0.5,0.622459352016449,0.0,0.0,0
gconv_gru,comp,75,0.04664907632050691,0.05156375811650203,36.26622224226594,2717.457293208223,1241.405170114711,3970.106853710022,0.5,0.622459352016449,0.0,0.0,0
gconv_gru,comp,76,0.046364130797209566,,36.740599979646504,2754.1978931878693,1241.405170114711,4006.8491653916426,0.5,0.622459352016449,0.0,0.0,0
gconv_gru,comp,77,0.04692415175614534,,37.35766361793503,2791.5555568058044,1241.405170114711,4044.208300341852,0.5,0.622459352016449,0.0,0.0,0
gconv_gru,comp,78,0.04932288108048616,,36.35930462367833,2827.9148614294827,1241.405170114711,4080.569053113926,0.5,0.622459352016449,0.0,0.0,0
gconv_gru,comp,79,0.04981747600767347,,37.05515998788178,2864.9700214173645,1241.405170114711,4117.625724135898,0.5,0.622459352016449,0.0,0.0,0
gconv_gru,comp,80,0.045776444452780264,0.04889899033766527,35.857249268796295,2900.827270686161,1318.90568443574,4231.0027745808475,0.5,0.622459352016449,0.0,0.0,0
gconv_gru,comp,81,0.045112022647151244,,36.0486705689691,2936.87594125513,1318.90568443574,4267.052848898806,0.5,0.622459352016449,0.0,0.0,0
gconv_gru,comp,82,0.04486049325377853,,36.01414751308039,2972.8900887682103,1318.90568443574,4303.068452707026,0.5,0.622459352016449,0.0,0.0,0
gconv_gru,comp,83,0.04523328940073649,,36.379066846799105,3009.2691556150094,1318.90568443574,4339.449073487893,0.5,0.622459352016449,0.0,0.0,0
gconv_gru,comp,84,0.04520287116368612,,36.54495144588873,3045.814107060898,1318.90568443574,4375.995438232087,0.5,0.622459352016449,0.0,0.0,0
gconv_gru,comp,85,0.04512317313088311,0.05309091623012836,36.245875757187605,3082.0599828180857,1398.0433063236997,4491.380486172624,0.5,0.622459352016449,0.0,0.0,0
gconv_gru,comp,86,0.04528050731729578,,37.1467224159278,3119.2067052340135,1398.0433063236997,4528.528679505922,0.5,0.622459352016449,0.0,0.0,0
gconv_gru,comp,87,0.0460969849869057,,36.13333468604833,3155.340039920062,1398.0433063236997,4564.663428763859,0.5,0.622459352016449,0.0,0.0,0
gconv_gru,comp,88,0.04737209390710901,,35.93096876703203,3191.271008687094,1398.0433063236997,4600.595778464805,0.5,0.622459352016449,0.0,0.0,0
gconv_gru,comp,89,0.04432832090942948,,36.24781391071156,3227.5188225978054,1398.0433063236997,4636.845111360773,0.5,0.622459352016449,0.0,0.0,0
gconv_gru,comp,90,0.04428263505299886,0.04985083295748784,35.81858901493251,3263.337411612738,1475.5726184467785,4750.194523795042,0.5,0.622459352016449,0.0,0.0,0
gconv_gru,comp,91,0.04659021563000149,,36.358797614928335,3299.6962092276663,1475.5726184467785,4786.554804717656,0.5,0.622459352016449,0.0,0.0,0
gconv_gru,comp,92,0.049405678554817485,,36.25841392716393,3335.95462315483,1475.5726184467785,4822.814809752628,0.5,0.622459352016449,0.0,0.0,0
gconv_gru,comp,93,0.04553610748714871,,36.087801072746515,3372.0424242275767,1475.5726184467785,4858.904029233847,0.5,0.622459352016449,0.0,0.0,0
gconv_gru,comp,94,0.043878003402992534,,35.92836882406846,3407.970793051645,1475.5726184467785,4894.8339101490565,0.5,0.622459352016449,0.0,0.0,0
gconv_gru,comp,95,0.04330590919212059,0.043705142461336575,37.880095141008496,3445.8508881926537,1552.6284512616694,5009.782639577985,0.5,0.622459352016449,0.0,0.0,0
gconv_gru,comp,96,0.04312870679078279,,36.279120227787644,3482.1300084204413,1552.6284512616694,5046.063208370004,0.5,0.622459352016449,0.0,0.0,0
gconv_gru,comp,97,0.0432555807961358,,36.101473536808044,3518.2314819572493,1552.6284512616694,5082.166116851848,0.5,0.622459352016449,0.0,0.0,0
gconv_gru,comp,98,0.043359306123521596,,35.94782608188689,3554.1793080391362,1552.6284512616694,5118.115315205883,0.5,0.622459352016449,0.0,0.0,0
gconv_gru,comp,99,0.043328159385257296,,35.68571601994336,3589.8650240590796,1552.6284512616694,5153.80248556193,0.5,0.622459352016449,0.0,0.0,0
gconv_gru,comp,100,0.04297458463244968,0.04378753212782053,35.50296724494547,3625.367991304025,1629.741997806821,5266.420552107971,0.5,0.622459352016449,0.0,0.0,0
