model,arm,epoch,train_mse,val_mse,shared_fraction,shared_mean_lag,compensation_updates_rank0,train_seconds,train_seconds_cumulative,eval_seconds_cumulative
dcrnn,exact,1,0.3037452432844374,0.47757163414588344,0.0,0.0,,31.41692881565541,31.41692881565541,59.39314041193575
dcrnn,exact,2,0.21838280889723036,,0.0,0.0,,29.94806714495644,61.36499596061185,59.39314041193575
dcrnn,exact,3,0.17425877959639938,,0.0,0.0,,29.84345715167001,91.20845311228186,59.39314041193575
dcrnn,exact,4,0.1521387365129259,,0.0,0.0,,30.936158241704106,122.14461135398597,59.39314041193575
dcrnn,exact,5,0.1354745935510706,0.25852550910069394,0.0,0.0,,32.23696508491412,154.38157643890008,121.71566836116835
dcrnn,exact,6,0.12245719521133988,,0.0,0.0,,32.149223728105426,186.5308001670055,121.71566836116835
dcrnn,exact,7,0.11176851943687156,,0.0,0.0,,32.88199659716338,219.4127967641689,121.71566836116835
dcrnn,exact,8,0.10277996681354663,,0.0,0.0,,34.20852863974869,253.62132540391758,121.71566836116835
dcrnn,exact,9,0.09522384625894052,,0.0,0.0,,33.25055214529857,286.87187754921615,121.71566836116835
dcrnn,exact,10,0.0888444494318079,0.1565002019588764,0.0,0.0,,33.33964973827824,320.2115272874944,187.34517964255065
dcrnn,exact,11,0.08341315499058476,,0.0,0.0,,34.506330276839435,354.7178575643338,187.34517964255065
dcrnn,exact,12,0.07874772725281892,,0.0,0.0,,34.88593168230727,389.6037892466411,187.34517964255065
dcrnn,exact,13,0.0746871652426543,,0.0,0.0,,34.25393285881728,423.8577221054584,187.34517964255065
dcrnn,exact,14,0.07110814032731233,,0.0,0.0,,32.369750699959695,456.2274728054181,187.34517964255065
dcrnn,exact,15,0.06792107114085445,0.10776787537794846,0.0,0.0,,31.69606287498027,487.92353568039834,249.8490395923145
dcrnn,exact,16,0.06505741013420953,,0.0,0.0,,32.1148352669552,520.0383709473535,249.8490395923145
dcrnn,exact,17,0.062466577247337056,,0.0,0.0,,32.06827552523464,552.1066464725882,249.8490395923145
dcrnn,exact,18,0.060110262146702516,,0.0,0.0,,32.342800398822874,584.449446871411,249.8490395923145
dcrnn,exact,19,0.05795207067772194,,0.0,0.0,,32.89189780270681,617.3413446741179,249.8490395923145
dcrnn,exact,20,0.05596082740359836,0.07954260019155648,0.0,0.0,,31.777851506136358,649.1191961802542,312.1372546502389
dcrnn,exact,21,0.05413777519155432,,0.0,0.0,,32.38971588993445,681.5089120701887,312.1372546502389
dcrnn,exact,22,0.052488485972086586,,0.0,0.0,,32.55373269505799,714.0626447652467,312.1372546502389
dcrnn,exact,23,0.051055819899947556,,0.0,0.0,,32.1857374641113,746.248382229358,312.1372546502389
dcrnn,exact,24,0.04957280114844993,,0.0,0.0,,31.87694679107517,778.1253290204331,312.1372546502389
dcrnn,exact,25,0.048378562485730206,0.0613613655933967,0.0,0.0,,32.1412502177991,810.2665792382322,375.48463354539126
dcrnn,exact,26,0.04722826569168656,,0.0,0.0,,32.34821375505999,842.6147929932922,375.48463354539126
dcrnn,exact,27,0.046237689477426035,,0.0,0.0,,32.09210062911734,874.7068936224096,375.48463354539126
dcrnn,exact,28,0.04523368897261443,,0.0,0.0,,32.44350790185854,907.1504015242681,375.48463354539126
dcrnn,exact,29,0.04428425100114611,,0.0,0.0,,31.85332276020199,939.0037242844701,375.48463354539126
dcrnn,exact,30,0.0434463311124731,0.0495339769583482,0.0,0.0,,32.442457523196936,971.446181807667,437.28534885449335
dcrnn,exact,31,0.04274440694738318,,0.0,0.0,,32.21990480227396,1003.666086609941,437.28534885449335
dcrnn,exact,32,0.041921004101082134,,0.0,0.0,,32.11123334988952,1035.7773199598305,437.28534885449335
dcrnn,exact,33,0.04142943797288118,,0.0,0.0,,31.78821378806606,1067.5655337478966,437.28534885449335
dcrnn,exact,34,0.04076683962786639,,0.0,0.0,,32.48362683085725,1100.0491605787538,437.28534885449335
dcrnn,exact,35,0.04009224750377514,0.04151145540750944,0.0,0.0,,31.96685788873583,1132.0160184674896,499.9093887084164
dcrnn,exact,36,0.03967677222357856,,0.0,0.0,,32.52739690756425,1164.5434153750539,499.9093887084164
dcrnn,exact,37,0.03917942444483439,,0.0,0.0,,32.50990269286558,1197.0533180679195,499.9093887084164
dcrnn,exact,38,0.038705145871197735,,0.0,0.0,,32.31047787377611,1229.3637959416956,499.9093887084164
dcrnn,exact,39,0.03810714019669427,,0.0,0.0,,32.70098847756162,1262.0647844192572,499.9093887084164
dcrnn,exact,40,0.037702061511852125,0.03571352821130019,0.0,0.0,,33.5727313188836,1295.6375157381408,561.6787988925353
dcrnn,exact,41,0.037434295371726704,,0.0,0.0,,32.19230282865465,1327.8298185667954,561.6787988925353
dcrnn,exact,42,0.03696891665458679,,0.0,0.0,,32.23250101087615,1360.0623195776716,561.6787988925353
dcrnn,exact,43,0.0365432843014046,,0.0,0.0,,32.508158286102116,1392.5704778637737,561.6787988925353
dcrnn,exact,44,0.036409348249435425,,0.0,0.0,,32.509325749240816,1425.0798036130145,561.6787988925353
dcrnn,exact,45,0.03597208084883513,0.030672189134817857,0.0,0.0,,32.583812521304935,1457.6636161343195,623.920134538319
dcrnn,exact,46,0.03574420015017191,,0.0,0.0,,32.22950763814151,1489.893123772461,623.920134538319
dcrnn,exact,47,0.035467935933007136,,0.0,0.0,,32.80471296887845,1522.6978367413394,623.920134538319
dcrnn,exact,48,0.03525767723719279,,0.0,0.0,,31.90997481532395,1554.6078115566634,623.920134538319
dcrnn,exact,49,0.03484509719742669,,0.0,0.0,,31.9225399219431,1586.5303514786065,623.920134538319
dcrnn,exact,50,0.035155928797192044,0.026966778131631706,0.0,0.0,,32.486964949872345,1619.0173164284788,686.875965969637
dcrnn,exact,51,0.034664769967397056,,0.0,0.0,,33.31240907218307,1652.3297255006619,686.875965969637
dcrnn,exact,52,0.03484717894483496,,0.0,0.0,,32.02740192832425,1684.3571274289861,686.875965969637
dcrnn,exact,53,0.03559562563896179,,0.0,0.0,,33.78532758401707,1718.1424550130032,686.875965969637
dcrnn,exact,54,0.03431078239723488,,0.0,0.0,,32.24110059812665,1750.3835556111299,686.875965969637
dcrnn,exact,55,0.034160345792770386,0.023768070798653822,0.0,0.0,,32.512987525202334,1782.8965431363322,748.5831348765641
dcrnn,exact,56,0.033643632023422805,,0.0,0.0,,32.09750986704603,1814.9940530033782,748.5831348765641
dcrnn,exact,57,0.03325676476513898,,0.0,0.0,,31.793903386685997,1846.7879563900642,748.5831348765641
dcrnn,exact,58,0.03313524745128773,,0.0,0.0,,33.62427648482844,1880.4122328748927,748.5831348765641
dcrnn,exact,59,0.033064338896009654,,0.0,0.0,,32.85254029696807,1913.2647731718607,748.5831348765641
dcrnn,exact,60,0.03269912357683535,0.022229762031481817,0.0,0.0,,32.05002405727282,1945.3147972291335,811.5185061404482
dcrnn,exact,61,0.032565946932192204,,0.0,0.0,,32.100979430601,1977.4157766597345,811.5185061404482
dcrnn,exact,62,0.0323892092263257,,0.0,0.0,,32.604649473913014,2010.0204261336476,811.5185061404482
dcrnn,exact,63,0.03226485848426819,,0.0,0.0,,32.79631941020489,2042.8167455438524,811.5185061404482
dcrnn,exact,64,0.032060352740464385,,0.0,0.0,,33.388147023972124,2076.2048925678246,811.5185061404482
dcrnn,exact,65,0.032007833321889244,0.019916559641177837,0.0,0.0,,33.129646520130336,2109.334539087955,874.2893686722964
dcrnn,exact,66,0.03183288706673516,,0.0,0.0,,32.27368400758132,2141.6082230955362,874.2893686722964
dcrnn,exact,67,0.031693996102721604,,0.0,0.0,,32.37786096287891,2173.986084058415,874.2893686722964
dcrnn,exact,68,0.03168902132246229,,0.0,0.0,,33.39851819118485,2207.3846022496,874.2893686722964
dcrnn,exact,69,0.031563895720022696,,0.0,0.0,,32.43128638109192,2239.815888630692,874.2893686722964
dcrnn,exact,70,0.031399808548114916,0.01917616564493913,0.0,0.0,,32.51010535284877,2272.3259939835407,937.7342795063742
dcrnn,exact,71,0.03143597642580668,,0.0,0.0,,32.372724554967135,2304.698718538508,937.7342795063742
dcrnn,exact,72,0.031284208650942204,,0.0,0.0,,32.67297483002767,2337.3716933685355,937.7342795063742
dcrnn,exact,73,0.03115617235501607,,0.0,0.0,,32.564302925020456,2369.935996293556,937.7342795063742
dcrnn,exact,74,0.031051281425688002,,0.0,0.0,,33.408375810831785,2403.3443721043877,937.7342795063742
dcrnn,exact,75,0.03102182348569234,0.017188399457014523,0.0,0.0,,32.48031337372959,2435.8246854781173,999.9058732674457
dcrnn,exact,76,0.030872379188184387,,0.0,0.0,,32.15825123572722,2467.9829367138445,999.9058732674457
dcrnn,exact,77,0.030841087853467022,,0.0,0.0,,32.547724107280374,2500.530660821125,999.9058732674457
dcrnn,exact,78,0.030693388647503324,,0.0,0.0,,33.134999657049775,2533.6656604781747,999.9058732674457
dcrnn,exact,79,0.030655736172640766,,0.0,0.0,,32.10614009574056,2565.7718005739152,999.9058732674457
dcrnn,exact,80,0.030649424703032883,0.016039220759501822,0.0,0.0,,32.472281656228006,2598.2440822301432,1062.679669458419
dcrnn,exact,81,0.030499437340983638,,0.0,0.0,,32.15039118938148,2630.3944734195247,1062.679669458419
dcrnn,exact,82,0.030548394830138596,,0.0,0.0,,33.71451899828389,2664.1089924178086,1062.679669458419
dcrnn,exact,83,0.03040203893626178,,0.0,0.0,,32.47301085200161,2696.5820032698102,1062.679669458419
dcrnn,exact,84,0.0305260905513057,,0.0,0.0,,32.51684979908168,2729.098853068892,1062.679669458419
dcrnn,exact,85,0.03050434258249071,0.014978677607499637,0.0,0.0,,33.33795297611505,2762.436806045007,1125.0997603475116
dcrnn,exact,86,0.030425555176205106,,0.0,0.0,,33.97529569407925,2796.412101739086,1125.0997603475116
dcrnn,exact,87,0.03039938763335899,,0.0,0.0,,33.61221120413393,2830.02431294322,1125.0997603475116
dcrnn,exact,88,0.030252291096581355,,0.0,0.0,,32.347020929679275,2862.3713338728994,1125.0997603475116
dcrnn,exact,89,0.030327650132002653,,0.0,0.0,,32.13374378718436,2894.5050776600838,1125.0997603475116
dcrnn,exact,90,0.030363078470583314,0.014713781957442943,0.0,0.0,,32.240824731998146,2926.745902392082,1187.6863122484647
dcrnn,exact,91,0.030099149103517884,,0.0,0.0,,32.21256679529324,2958.958469187375,1187.6863122484647
dcrnn,exact,92,0.030125833219952054,,0.0,0.0,,32.51012327382341,2991.4685924611986,1187.6863122484647
dcrnn,exact,93,0.029995421568552654,,0.0,0.0,,32.767037875019014,3024.2356303362176,1187.6863122484647
dcrnn,exact,94,0.03016075823042128,,0.0,0.0,,32.27745899185538,3056.513089328073,1187.6863122484647
dcrnn,exact,95,0.03023743187939679,0.013808834438140575,0.0,0.0,,32.66948596294969,3089.1825752910227,1250.0790238888003
dcrnn,exact,96,0.029814170466528997,,0.0,0.0,,32.59251776570454,3121.775093056727,1250.0790238888003
dcrnn,exact,97,0.02986364232169257,,0.0,0.0,,32.89079581806436,3154.6658888747916,1250.0790238888003
dcrnn,exact,98,0.029940778458559955,,0.0,0.0,,32.45202536601573,3187.1179142408073,1250.0790238888003
dcrnn,exact,99,0.029686911238564387,,0.0,0.0,,32.39013460278511,3219.5080488435924,1250.0790238888003
dcrnn,exact,100,0.029696313319382845,0.0132837903041106,0.0,0.0,,32.10378256812692,3251.6118314117193,1312.147862732876
dcrnn,shared_hot+comp,1,0.3037477599249946,0.47756871810326207,0.039586053913552605,0.4721703089841714,0,37.903610069770366,37.903610069770366,68.15757022798061
dcrnn,shared_hot+comp,2,0.21838439835442436,,0.039586053913552605,0.47232647638682884,0,36.30678847571835,74.21039854548872,68.15757022798061
dcrnn,shared_hot+comp,3,0.1742578524130362,,0.039586053913552605,0.4723268429769759,0,37.15563585795462,111.36603440344334,68.15757022798061
dcrnn,shared_hot+comp,4,0.15214049374615704,,0.039586053913552605,0.47232904251785846,0,34.92148203216493,146.28751643560827,68.15757022798061
dcrnn,shared_hot,1,0.3037477599249946,0.47756871810326207,0.039586053913552605,0.4721703089841714,,32.87326509831473,32.87326509831473,61.00332396291196
dcrnn,shared_hot,2,0.21838439835442436,,0.039586053913552605,0.47232647638682884,,30.767451857682317,63.64071695599705,61.00332396291196
dcrnn,shared_hot,3,0.1742578524130362,,0.039586053913552605,0.4723268429769759,,30.774073691107333,94.41479064710438,61.00332396291196
dcrnn,shared_hot,4,0.15214049374615704,,0.039586053913552605,0.47232904251785846,,32.44915852276608,126.86394916987047,61.00332396291196
dcrnn,shared_hot,5,0.13547613002635814,0.25853042419140154,0.039586053913552605,0.47228138579873763,,33.30797795020044,160.1719271200709,124.88449164107442
dcrnn,shared_hot,6,0.12245877142305728,,0.039586053913552605,0.4716046603872218,,33.074941420927644,193.24686854099855,124.88449164107442
dcrnn,shared_hot,7,0.11176921703197339,,0.039586053913552605,0.47079412957202066,,36.27123459381983,229.51810313481838,124.88449164107442
dcrnn,shared_hot,8,0.10277962684631348,,0.039586053913552605,0.47048142817655864,,36.808829540386796,266.32693267520517,124.88449164107442
dcrnn,shared_hot,9,0.09522208019539162,,0.039586053913552605,0.47023031392580655,,34.62664763210341,300.9535803073086,124.88449164107442
dcrnn,shared_hot,10,0.08884153542695222,0.1564999222755432,0.039586053913552605,0.4701525968146249,,36.47899672109634,337.4325770284049,195.24182233028114
dcrnn,shared_hot,11,0.08340822767328333,,0.039586053913552605,0.4702699056616915,,35.98384954407811,373.41642657248303,195.24182233028114
dcrnn,shared_hot,12,0.0787399963096336,,0.039586053913552605,0.4704513677844978,,35.004482738208026,408.42090931069106,195.24182233028114
dcrnn,shared_hot,13,0.07467657989925808,,0.039586053913552605,0.47058187387685946,,33.38144862605259,441.80235793674365,195.24182233028114
dcrnn,shared_hot,14,0.07109504055093836,,0.039586053913552605,0.4706852522983369,,32.24455858580768,474.0469165225513,195.24182233028114
dcrnn,shared_hot,15,0.06790593376866093,0.10775197010773879,0.039586053913552605,0.47075930350804773,,33.351663331035525,507.39857985358685,259.18711531721056
dcrnn,shared_hot,16,0.06503929915251555,,0.039586053913552605,0.4708458187827594,,33.06850590603426,540.4670857596211,259.18711531721056
dcrnn,shared_hot,17,0.06244645516077677,,0.039586053913552605,0.4709305011067357,,33.3668063050136,573.8338920646347,259.18711531721056
dcrnn,shared_hot,18,0.060088157653808594,,0.039586053913552605,0.47102251523365357,,34.51527618570253,608.3491682503372,259.18711531721056
dcrnn,shared_hot,19,0.05793221791585287,,0.039586053913552605,0.4711735503742519,,32.66792864212766,641.0170968924649,259.18711531721056
dcrnn,shared_hot,20,0.05594456195831299,0.07951450118651757,0.039586053913552605,0.4714473932141231,,33.61968971602619,674.6367866084911,322.91351083805785
dcrnn,shared_hot,21,0.05411875910229153,,0.039586053913552605,0.4717648602814972,,33.34025299362838,707.9770396021195,322.91351083805785
dcrnn,shared_hot,22,0.05246668170999597,,0.039586053913552605,0.47200167751651306,,33.09540922706947,741.0724488291889,322.91351083805785
dcrnn,shared_hot,23,0.05103829392680415,,0.039586053913552605,0.4720709630543118,,32.77714386722073,773.8495926964097,322.91351083805785
dcrnn,shared_hot,24,0.04954008482120655,,0.039586053913552605,0.47220146914667344,,33.038393224123865,806.8879859205335,322.91351083805785
dcrnn,shared_hot,25,0.048348707181436044,0.06133298461253826,0.039586053913552605,0.47225022563623553,,33.15151116065681,840.0394970811903,387.2142241979018
dcrnn,shared_hot,26,0.04720992070657236,,0.039586053913552605,0.47224142747270553,,33.4603801057674,873.4998771869577,387.2142241979018
dcrnn,shared_hot,27,0.04615316788355509,,0.039586053913552605,0.47229604940462094,,33.215897041838616,906.7157742287964,387.2142241979018
dcrnn,shared_hot,28,0.04526246697814376,,0.039586053913552605,0.47226965491403095,,33.51451091375202,940.2302851425484,387.2142241979018
dcrnn,shared_hot,29,0.04432745112313165,,0.039586053913552605,0.47225902379976553,,34.53081990312785,974.7611050456762,387.2142241979018
dcrnn,shared_hot,30,0.043413923846350774,0.04967015064679659,0.039586053913552605,0.4722740539957959,,32.93108532577753,1007.6921903714538,451.3890149500221
dcrnn,shared_hot,31,0.04268475373586019,,0.039586053913552605,0.472340406812418,,32.978923168964684,1040.6711135404184,451.3890149500221
dcrnn,shared_hot,32,0.04195314866525156,,0.039586053913552605,0.4723235436656522,,32.81144096003845,1073.482554500457,451.3890149500221
dcrnn,shared_hot,33,0.04141996966467963,,0.039586053913552605,0.472278819667708,,33.029363370966166,1106.511917871423,451.3890149500221
dcrnn,shared_hot,34,0.04081919237419411,,0.039586053913552605,0.47224619314461763,,33.78639733698219,1140.2983152084053,451.3890149500221
dcrnn,shared_hot,35,0.040085298043710214,0.0413189003100762,0.039586053913552605,0.4721956037043201,,34.21268734103069,1174.511002549436,515.2724607042037
dcrnn,shared_hot,36,0.03950045064643577,,0.039586053913552605,0.47230961324006304,,33.410042862873524,1207.9210454123095,515.2724607042037
dcrnn,shared_hot,37,0.039012138490323665,,0.039586053913552605,0.47234004022227094,,32.79080089274794,1240.7118463050574,515.2724607042037
dcrnn,shared_hot,38,0.038612833729496705,,0.039586053913552605,0.4723415065828593,,34.42011011671275,1275.1319564217702,515.2724607042037
dcrnn,shared_hot,39,0.03811583916346232,,0.039586053913552605,0.47234663884491845,,33.34304445097223,1308.4750008727424,515.2724607042037
dcrnn,shared_hot,40,0.03770563006401062,0.03527239079658802,0.039586053913552605,0.4723374740912413,,33.199462314136326,1341.6744631868787,579.5675042434596
dcrnn,shared_hot,41,0.03729029496510824,,0.039586053913552605,0.4723591029099193,,32.79290258605033,1374.467365772929,579.5675042434596
dcrnn,shared_hot,42,0.03698650002479553,,0.039586053913552605,0.4723415065828593,,34.256486327853054,1408.723852100782,579.5675042434596
dcrnn,shared_hot,43,0.03664079087751883,,0.039586053913552605,0.4723433395335947,,33.04138821410015,1441.7652403148822,579.5675042434596
dcrnn,shared_hot,44,0.03632300761010912,,0.039586053913552605,0.4723319752390351,,33.26998629467562,1475.0352266095579,579.5675042434596
dcrnn,shared_hot,45,0.03625490599208408,0.03042844396371108,0.039586053913552605,0.4723081468794747,,33.302732442039996,1508.3379590515979,644.6603394234553
dcrnn,shared_hot,46,0.03577284238956593,,0.039586053913552605,0.47211825318328554,,33.00033055385575,1541.3382896054536,644.6603394234553
dcrnn,shared_hot,47,0.03537118545284978,,0.039586053913552605,0.4722733208155018,,33.76482998766005,1575.1031195931137,644.6603394234553
dcrnn,shared_hot,48,0.035532077153523765,,0.039586053913552605,0.4722835853396201,,33.07119257701561,1608.1743121701293,644.6603394234553
dcrnn,shared_hot,49,0.03520770426149721,,0.039586053913552605,0.47230264802726846,,32.9894735631533,1641.1637857332826,644.6603394234553
dcrnn,shared_hot,50,0.03500262233946058,0.027130490312209495,0.039586053913552605,0.4722898173721205,,33.009419814217836,1674.1732055475004,708.9665704686195
dcrnn,shared_hot,51,0.034890595409605235,,0.039586053913552605,0.4719785823372468,,33.1697758147493,1707.3429813622497,708.9665704686195
dcrnn,shared_hot,52,0.03435489866468641,,0.039586053913552605,0.47173516647958347,,33.48371716681868,1740.8266985290684,708.9665704686195
dcrnn,shared_hot,53,0.03414540931030556,,0.039586053913552605,0.4723462722547713,,33.45146606396884,1774.2781645930372,708.9665704686195
dcrnn,shared_hot,54,0.034084569524835656,,0.039586053913552605,0.4723180448134459,,34.578235486056656,1808.8564000790939,708.9665704686195
dcrnn,shared_hot,55,0.03392394604506316,0.02405201357144576,0.039586053913552605,0.47234480589418304,,33.1822992018424,1842.0386992809363,774.3525755307637
dcrnn,shared_hot,56,0.03357337691165783,,0.039586053913552605,0.4722487592756472,,33.35932401986793,1875.3980233008042,774.3525755307637
dcrnn,shared_hot,57,0.03335949226661965,,0.039586053913552605,0.47233894045182967,,33.52348344726488,1908.921506748069,774.3525755307637
dcrnn,shared_hot,58,0.03332069626560918,,0.039586053913552605,0.47232244389521094,,33.505243393126875,1942.426750141196,774.3525755307637
dcrnn,shared_hot,59,0.03301488470148157,,0.039586053913552605,0.4723297756981526,,32.455362532287836,1974.8821126734838,774.3525755307637
dcrnn,shared_hot,60,0.032814969619115196,0.024297402455256537,0.039586053913552605,0.47232024435432846,,32.70309465704486,2007.5852073305286,837.5597712500021
dcrnn,shared_hot,61,0.033057747063813384,,0.039586053913552605,0.47231071301050426,,32.93490232992917,2040.5201096604578,837.5597712500021
dcrnn,shared_hot,62,0.0325294468137953,,0.039586053913552605,0.472261223340648,,32.982074670959264,2073.502184331417,837.5597712500021
dcrnn,shared_hot,63,0.03236813015407986,,0.039586053913552605,0.4723286759277114,,32.96125668194145,2106.4634410133585,837.5597712500021
dcrnn,shared_hot,64,0.03212642780056706,,0.039586053913552605,0.4723246434360934,,34.44054324505851,2140.903984258417,837.5597712500021
dcrnn,shared_hot,65,0.0320351830235234,0.01992018291583428,0.039586053913552605,0.4723239102557993,,33.397159681189805,2174.301143939607,901.0801653438248
dcrnn,shared_hot,66,0.031794729056181734,,0.039586053913552605,0.4723180448134459,,33.684102951548994,2207.985246891156,901.0801653438248
dcrnn,shared_hot,67,0.03171901901563009,,0.039586053913552605,0.4723041143878568,,33.17133438726887,2241.1565812784247,901.0801653438248
dcrnn,shared_hot,68,0.03162720357930219,,0.039586053913552605,0.472305214158298,,33.910387305077165,2275.066968583502,901.0801653438248
dcrnn,shared_hot,69,0.03149700495931837,,0.039586053913552605,0.4722868846509439,,32.380151886027306,2307.447120469529,901.0801653438248
dcrnn,shared_hot,70,0.03149663850113198,0.018481768667697906,0.039586053913552605,0.47228248556917884,,32.322683749720454,2339.7698042192496,963.5221880325116
dcrnn,shared_hot,71,0.03136239007667259,,0.039586053913552605,0.4722835853396201,,32.553683139849454,2372.323487359099,963.5221880325116
dcrnn,shared_hot,72,0.031234725757881446,,0.039586053913552605,0.4722645226519718,,32.70190996583551,2405.0253973249346,963.5221880325116
dcrnn,shared_hot,73,0.03118553536909598,,0.039586053913552605,0.4721978032452026,,32.7384546850808,2437.7638520100154,963.5221880325116
dcrnn,shared_hot,74,0.031104712574570266,,0.039586053913552605,0.4722132000313801,,32.603413867298514,2470.367265877314,963.5221880325116
dcrnn,shared_hot,75,0.030908314166245638,0.018261416600300714,0.039586053913552605,0.4721897382619668,,32.30125903291628,2502.66852491023,1026.98761784425
dcrnn,shared_hot,76,0.03093249488759924,,0.039586053913552605,0.47218827190137846,,34.30550202028826,2536.9740269305184,1026.98761784425
dcrnn,shared_hot,77,0.030881654333185266,,0.039586053913552605,0.4721912046225551,,33.17636514920741,2570.150392079726,1026.98761784425
dcrnn,shared_hot,78,0.03080363185317428,,0.039586053913552605,0.47216994239402427,,33.92285226890817,2604.073244348634,1026.98761784425
dcrnn,shared_hot,79,0.030616188490832294,,0.039586053913552605,0.4721541790176997,,32.23056590883061,2636.3038102574646,1026.98761784425
dcrnn,shared_hot,80,0.030645487485108553,0.016624576770342313,0.039586053913552605,0.4721519794768172,,32.001733736135066,2668.3055439935997,1089.7650071680546
dcrnn,shared_hot,81,0.03058176901605394,,0.039586053913552605,0.4721607776403472,,33.70324125699699,2702.0087852505967,1089.7650071680546
dcrnn,shared_hot,82,0.03050784049210725,,0.039586053913552605,0.4721497799359347,,32.31069078668952,2734.319476037286,1089.7650071680546
dcrnn,shared_hot,83,0.030390463493488454,,0.039586053913552605,0.4721076220690201,,32.62018678383902,2766.9396628211252,1089.7650071680546
dcrnn,shared_hot,84,0.030398888720406428,,0.039586053913552605,0.4721277845271097,,32.4133145310916,2799.352977352217,1089.7650071680546
dcrnn,shared_hot,85,0.030405493798079313,0.015023982868744777,0.039586053913552605,0.47209955708578427,,32.69493273179978,2832.0479100840166,1152.574926758185
dcrnn,shared_hot,86,0.030223328758169105,,0.039586053913552605,0.47208892597151886,,32.77895507309586,2864.8268651571125,1152.574926758185
dcrnn,shared_hot,87,0.03015859149120472,,0.039586053913552605,0.47200607659827803,,33.04023990826681,2897.8671050653793,1152.574926758185
dcrnn,shared_hot,88,0.030097748394365662,,0.039586053913552605,0.4720427356129864,,32.58865573909134,2930.4557608044706,1152.574926758185
dcrnn,shared_hot,89,0.030152451109003137,,0.039586053913552605,0.47205666603857555,,32.38583084009588,2962.8415916445665,1152.574926758185
dcrnn,shared_hot,90,0.030232218680558382,0.014599964022636414,0.039586053913552605,0.4720647310218114,,34.591144017875195,2997.4327356624417,1215.952079241164
dcrnn,shared_hot,91,0.030048694875505235,,0.039586053913552605,0.4720731625951943,,32.87594052636996,3030.3086761888117,1215.952079241164
dcrnn,shared_hot,92,0.029960913790596858,,0.039586053913552605,0.4720709630543118,,32.965017918962985,3063.2736941077746,1215.952079241164
dcrnn,shared_hot,93,0.029922955565982394,,0.039586053913552605,0.4720738957754885,,32.4889912661165,3095.762685373891,1215.952079241164
dcrnn,shared_hot,94,0.029894131201284903,,0.039586053913552605,0.47206839692328223,,32.612811925821006,3128.375497299712,1215.952079241164
dcrnn,shared_hot,95,0.02988794445991516,0.015329735210308662,0.039586053913552605,0.4720599653498993,,32.837101347744465,3161.2125986474566,1280.6285523748957
dcrnn,shared_hot,96,0.029785705937279597,,0.039586053913552605,0.4720731625951943,,33.06018833583221,3194.272786983289,1280.6285523748957
dcrnn,shared_hot,97,0.02958336141374376,,0.039586053913552605,0.4720295383676914,,33.57477698335424,3227.847563966643,1280.6285523748957
dcrnn,shared_hot,98,0.029732778116508766,,0.039586053913552605,0.4719954454840126,,32.44428635807708,3260.29185032472,1280.6285523748957
dcrnn,shared_hot,99,0.029777918700818664,,0.039586053913552605,0.47203247108886803,,32.44963449705392,3292.741484821774,1280.6285523748957
dcrnn,shared_hot,100,0.029664027470129507,0.013128441686813649,0.039586053913552605,0.47190049863591804,,32.35585149284452,3325.0973363146186,1342.1782167078927
gconv_gru,exact,1,0.393273636146828,0.7304156009967511,0.0,0.0,,33.16790725896135,33.16790725896135,63.25257697980851
gconv_gru,exact,2,0.3139940544410988,,0.0,0.0,,29.734118985012174,62.90202624397352,63.25257697980851
gconv_gru,exact,3,0.2506691614786784,,0.0,0.0,,29.878102553077042,92.78012879705057,63.25257697980851
gconv_gru,exact,4,0.21128165280377423,,0.0,0.0,,31.145104208029807,123.92523300508037,63.25257697980851
gconv_gru,exact,5,0.18906722245392976,0.3610902749575101,0.0,0.0,,31.218433250207454,155.14366625528783,129.35108992550522
gconv_gru,exact,6,0.17543539294490107,,0.0,0.0,,30.9455003910698,186.08916664635763,129.35108992550522
gconv_gru,exact,7,0.1649631041067618,,0.0,0.0,,31.102749505080283,217.1919161514379,129.35108992550522
gconv_gru,exact,8,0.14623718791537815,,0.0,0.0,,31.766341337002814,248.95825748844072,129.35108992550522
gconv_gru,exact,9,0.13448766425803857,,0.0,0.0,,32.63889893004671,281.59715641848743,129.35108992550522
gconv_gru,exact,10,0.12913666831122506,0.25292722995464617,0.0,0.0,,32.11028297524899,313.7074393937364,193.14317981386557
gconv_gru,exact,11,0.12469369835323757,,0.0,0.0,,29.545825941953808,343.25326533569023,193.14317981386557
gconv_gru,exact,12,0.12025950131592927,,0.0,0.0,,29.217540974728763,372.470806310419,193.14317981386557
gconv_gru,exact,13,0.1166515482796563,,0.0,0.0,,29.96069907816127,402.43150538858026,193.14317981386557
gconv_gru,exact,14,0.11300941749855324,,0.0,0.0,,29.483345207758248,431.9148505963385,193.14317981386557
gconv_gru,exact,15,0.10960546246281376,0.2067167850641104,0.0,0.0,,29.77666231431067,461.6915129106492,256.5385599238798
gconv_gru,exact,16,0.106308001059073,,0.0,0.0,,29.349160294048488,491.04067320469767,256.5385599238798
gconv_gru,exact,17,0.10349363309365732,,0.0,0.0,,29.07506697997451,520.1157401846722,256.5385599238798
gconv_gru,exact,18,0.10084429493656864,,0.0,0.0,,29.328006229829043,549.4437464145012,256.5385599238798
gconv_gru,exact,19,0.09803718107718008,,0.0,0.0,,29.873553107958287,579.3172995224595,256.5385599238798
gconv_gru,exact,20,0.0957323533517343,0.17405296289003813,0.0,0.0,,30.186165531165898,609.5034650536254,319.6020717569627
gconv_gru,exact,21,0.09308726699263961,,0.0,0.0,,29.497262062039226,639.0007271156646,319.6020717569627
gconv_gru,exact,22,0.09119711540363452,,0.0,0.0,,30.397669326979667,669.3983964426443,319.6020717569627
gconv_gru,exact,23,0.0887217433364303,,0.0,0.0,,29.104955684393644,698.5033521270379,319.6020717569627
gconv_gru,exact,24,0.08684723907046848,,0.0,0.0,,29.850596707779914,728.3539488348179,319.6020717569627
gconv_gru,exact,25,0.0851541139461376,0.14795400087650007,0.0,0.0,,29.528057320043445,757.8820061548613,382.80900441715494
gconv_gru,exact,26,0.08297006289164226,,0.0,0.0,,29.89040693361312,787.7724130884744,382.80900441715494
gconv_gru,exact,27,0.08153287569681804,,0.0,0.0,,29.349735429976135,817.1221485184506,382.80900441715494
gconv_gru,exact,28,0.08023915467438875,,0.0,0.0,,29.071394620928913,846.1935431393795,382.80900441715494
gconv_gru,exact,29,0.07888657516903347,,0.0,0.0,,29.73759963037446,875.9311427697539,382.80900441715494
gconv_gru,exact,30,0.07772678799099392,0.13015735607880813,0.0,0.0,,29.538933082018048,905.470075851772,446.64393441705033
gconv_gru,exact,31,0.07643719955726906,,0.0,0.0,,29.54010082781315,935.0101766795851,446.64393441705033
gconv_gru,exact,32,0.07492537630928887,,0.0,0.0,,29.477880232967436,964.4880569125526,446.64393441705033
gconv_gru,exact,33,0.07368503235004566,,0.0,0.0,,29.32386085530743,993.81191776786,446.64393441705033
gconv_gru,exact,34,0.07296448725241202,,0.0,0.0,,29.28159821871668,1023.0935159865767,446.64393441705033
gconv_gru,exact,35,0.07276457106625592,0.11528601096226619,0.0,0.0,,29.73971126275137,1052.833227249328,510.57890503806993
gconv_gru,exact,36,0.07107693619198269,,0.0,0.0,,30.38833700492978,1083.2215642542578,510.57890503806993
gconv_gru,exact,37,0.06984682436342593,,0.0,0.0,,31.31679089833051,1114.5383551525883,510.57890503806993
gconv_gru,exact,38,0.0690372387568156,,0.0,0.0,,29.579273753333837,1144.1176289059222,510.57890503806993
gconv_gru,exact,39,0.06757679912779066,,0.0,0.0,,30.266904442105442,1174.3845333480276,510.57890503806993
gconv_gru,exact,40,0.06695083335593895,0.10204947911776029,0.0,0.0,,29.785370799247175,1204.1699041472748,573.1117138830014
gconv_gru,exact,41,0.0656882679020917,,0.0,0.0,,29.94297676999122,1234.112880917266,573.1117138830014
gconv_gru,exact,42,0.06443757481045193,,0.0,0.0,,29.572160598821938,1263.685041516088,573.1117138830014
gconv_gru,exact,43,0.06375161144468519,,0.0,0.0,,29.5902466410771,1293.275288157165,573.1117138830014
gconv_gru,exact,44,0.06272199418809679,,0.0,0.0,,29.201914837118238,1322.4772029942833,573.1117138830014
gconv_gru,exact,45,0.06242807043923272,0.09091896277207595,0.0,0.0,,29.544891248922795,1352.022094243206,636.99018492084
gconv_gru,exact,46,0.06145121212358828,,0.0,0.0,,29.521432315930724,1381.5435265591368,636.99018492084
gconv_gru,exact,47,0.06080668060867875,,0.0,0.0,,29.395683865062892,1410.9392104241997,636.99018492084
gconv_gru,exact,48,0.05984002572518808,,0.0,0.0,,29.752952548209578,1440.6921629724093,636.99018492084
gconv_gru,exact,49,0.059069070551130504,,0.0,0.0,,30.12636388419196,1470.8185268566012,636.99018492084
gconv_gru,exact,50,0.05846570156238697,0.08167383304009071,0.0,0.0,,29.20327735878527,1500.0218042153865,702.2105098110624
gconv_gru,exact,51,0.057261142465803355,,0.0,0.0,,30.362684283871204,1530.3844884992577,702.2105098110624
gconv_gru,exact,52,0.05802854785212764,,0.0,0.0,,29.34941326826811,1559.7339017675258,702.2105098110624
gconv_gru,exact,53,0.05904759742595531,,0.0,0.0,,29.889396941289306,1589.6232987088151,702.2105098110624
gconv_gru,exact,54,0.05878782934612698,,0.0,0.0,,29.266909634694457,1618.8902083435096,702.2105098110624
gconv_gru,exact,55,0.055167310767703585,0.07110711015187778,0.0,0.0,,29.110759019851685,1648.0009673633613,765.2115594353527
gconv_gru,exact,56,0.05408429878729361,,0.0,0.0,,29.84110624808818,1677.8420736114495,765.2115594353527
gconv_gru,exact,57,0.05350809627109104,,0.0,0.0,,30.58600342273712,1708.4280770341866,765.2115594353527
gconv_gru,exact,58,0.0529936640350907,,0.0,0.0,,29.472568701021373,1737.900645735208,765.2115594353527
gconv_gru,exact,59,0.05254645921565868,,0.0,0.0,,29.556711567100137,1767.457357302308,765.2115594353527
gconv_gru,exact,60,0.05234021610683865,0.0677615564603072,0.0,0.0,,29.323215897660702,1796.7805731999688,828.208296624478
gconv_gru,exact,61,0.051703163871058715,,0.0,0.0,,29.974042755085975,1826.7546159550548,828.208296624478
gconv_gru,exact,62,0.05298705454225893,,0.0,0.0,,31.092048121150583,1857.8466640762053,828.208296624478
gconv_gru,exact,63,0.05204269621107313,,0.0,0.0,,31.43534768698737,1889.2820117631927,828.208296624478
gconv_gru,exact,64,0.05440313286251492,,0.0,0.0,,30.95463147619739,1920.23664323939,828.208296624478
gconv_gru,exact,65,0.05131196092676233,0.07301938533782959,0.0,0.0,,29.574468593113124,1949.8111118325032,891.117649438791
gconv_gru,exact,66,0.05630697585918285,,0.0,0.0,,29.49996537901461,1979.3110772115178,891.117649438791
gconv_gru,exact,67,0.057120928057917845,,0.0,0.0,,29.839279285166413,2009.1503564966843,891.117649438791
gconv_gru,exact,68,0.05008063713709513,,0.0,0.0,,29.707652589771897,2038.8580090864561,891.117649438791
gconv_gru,exact,69,0.04955898390875922,,0.0,0.0,,29.76165465870872,2068.619663745165,891.117649438791
gconv_gru,exact,70,0.04831163750754462,0.05469393042417673,0.0,0.0,,29.270207494031638,2097.8898712391965,953.3585429587401
gconv_gru,exact,71,0.04867847539760448,,0.0,0.0,,29.880042647011578,2127.769913886208,953.3585429587401
gconv_gru,exact,72,0.0481649085327431,,0.0,0.0,,29.4469037479721,2157.21681763418,953.3585429587401
gconv_gru,exact,73,0.0494614044825236,,0.0,0.0,,29.967652786057442,2187.1844704202376,953.3585429587401
gconv_gru,exact,74,0.050034809995580604,,0.0,0.0,,31.52083745598793,2218.7053078762256,953.3585429587401
gconv_gru,exact,75,0.051792138152652316,0.07170149683952332,0.0,0.0,,30.010084250941873,2248.7153921271674,1016.1095920293592
gconv_gru,exact,76,0.049436500778904664,,0.0,0.0,,30.219786435831338,2278.9351785629988,1016.1095920293592
gconv_gru,exact,77,0.0459690667964794,,0.0,0.0,,29.789026752114296,2308.724205315113,1016.1095920293592
gconv_gru,exact,78,0.046025364487259475,,0.0,0.0,,30.143321359995753,2338.867526675109,1016.1095920293592
gconv_gru,exact,79,0.04573611859922056,,0.0,0.0,,29.64245385909453,2368.5099805342034,1016.1095920293592
gconv_gru,exact,80,0.045637159435837356,0.05262098633326017,0.0,0.0,,29.667363425251096,2398.1773439594544,1079.1242421935312
gconv_gru,exact,81,0.04525301412299827,,0.0,0.0,,29.699066669214517,2427.876410628669,1079.1242421935312
gconv_gru,exact,82,0.04599967488536128,,0.0,0.0,,29.638579654973,2457.514990283642,1079.1242421935312
gconv_gru,exact,83,0.04600074335380837,,0.0,0.0,,29.97966317506507,2487.494653458707,1079.1242421935312
gconv_gru,exact,84,0.05254998472001818,,0.0,0.0,,29.842769057955593,2517.3374225166626,1079.1242421935312
gconv_gru,exact,85,0.05122612140796803,0.05461344122886658,0.0,0.0,,29.804454795084894,2547.1418773117475,1143.814308217261
gconv_gru,exact,86,0.04818196429146661,,0.0,0.0,,29.349830192048103,2576.4917075037956,1143.814308217261
gconv_gru,exact,87,0.04616918607994362,,0.0,0.0,,32.96448130207136,2609.456188805867,1143.814308217261
gconv_gru,exact,88,0.04465072905575788,,0.0,0.0,,31.561707051005214,2641.017895856872,1143.814308217261
gconv_gru,exact,89,0.044275645856504085,,0.0,0.0,,29.830637911800295,2670.8485337686725,1143.814308217261
gconv_gru,exact,90,0.04395892001964428,0.04679181025578426,0.0,0.0,,29.69997576298192,2700.5485095316544,1207.0463443784975
gconv_gru,exact,91,0.043795386950174965,,0.0,0.0,,29.1866922439076,2729.735201775562,1207.0463443784975
gconv_gru,exact,92,0.0435484559447677,,0.0,0.0,,29.540985593106598,2759.2761873686686,1207.0463443784975
gconv_gru,exact,93,0.04345147477255927,,0.0,0.0,,29.775696461088955,2789.0518838297576,1207.0463443784975
gconv_gru,exact,94,0.043230535807432954,,0.0,0.0,,29.93281432474032,2818.984698154498,1207.0463443784975
gconv_gru,exact,95,0.04328107613104361,0.04681667456260094,0.0,0.0,,29.812353373039514,2848.7970515275374,1271.103998566512
gconv_gru,exact,96,0.042952149002640334,,0.0,0.0,,29.271690719295293,2878.0687422468327,1271.103998566512
gconv_gru,exact,97,0.04345147477255927,,0.0,0.0,,29.461903876625,2907.5306461234577,1271.103998566512
gconv_gru,exact,98,0.04273943989365189,,0.0,0.0,,29.900670965667814,2937.4313170891255,1271.103998566512
gconv_gru,exact,99,0.044572143642990676,,0.0,0.0,,30.04512970522046,2967.476446794346,1271.103998566512
gconv_gru,exact,100,0.043639134477686,0.045185396304497354,0.0,0.0,,30.378599831834435,2997.8550466261804,1334.2271855217405
gconv_gru,shared_hot,1,0.39326969782511395,0.730399278494028,0.030651264769618988,0.4728961959073683,,34.67451441800222,34.67451441800222,66.9916864419356
gconv_gru,shared_hot,2,0.31399186452229816,,0.030651264769618988,0.47307523587671435,,31.068954391404986,65.7434688094072,66.9916864419356
gconv_gru,shared_hot,3,0.2506694793701172,,0.030651264769618988,0.47313652449155785,,31.22517514694482,96.96864395635203,66.9916864419356
gconv_gru,shared_hot,4,0.21127931276957193,,0.030651264769618988,0.47314714141696385,,31.456174025777727,128.42481798212975,66.9916864419356
gconv_gru,shared_hot,5,0.18906281612537526,0.36107574976407564,0.030651264769618988,0.47314810659200074,,32.19237553095445,160.6171935130842,135.7158623309806
gconv_gru,shared_hot+comp,1,0.39326969782511395,0.730399278494028,0.030651264769618988,0.4728961959073683,0,32.95718540996313,32.95718540996313,63.81471095699817
gconv_gru,shared_hot+comp,2,0.31399186452229816,,0.030651264769618988,0.47307523587671435,0,30.00051149679348,62.95769690675661,63.81471095699817
gconv_gru,shared_hot+comp,3,0.2506694793701172,,0.030651264769618988,0.47313652449155785,0,30.69800548441708,93.65570239117369,63.81471095699817
gconv_gru,shared_hot+comp,4,0.21127931276957193,,0.030651264769618988,0.47314714141696385,0,32.77730552107096,126.43300791224465,63.81471095699817
gconv_gru,shared_hot+comp,5,0.18906281612537526,0.36107574976407564,0.030651264769618988,0.47314810659200074,0,32.48646609298885,158.9194740052335,129.80606499826536
gconv_gru,shared_hot+comp,6,0.17542955610487196,,0.030651264769618988,0.4731514847046299,0,33.29156471695751,192.211038722191,129.80606499826536
gconv_gru,shared_hot+comp,7,0.16495391174598975,,0.030651264769618988,0.4731495543545561,0,31.517150768078864,223.72818949026987,129.80606499826536
gconv_gru,shared_hot+comp,8,0.1461828417248196,,0.030651264769618988,0.4731370070790763,0,32.049593325238675,255.77778281550854,129.80606499826536
gconv_gru,shared_hot+comp,9,0.13447822906352855,,0.030651264769618988,0.47312108169096734,0,32.829367614816874,288.6071504303254,129.80606499826536
gconv_gru,shared_hot+comp,10,0.12912491074314825,0.2529052312557514,0.030651264769618988,0.47299416117361426,0,31.693807191681117,320.30095762200654,194.04879640927538
gconv_gru,shared_hot+comp,11,0.12468649722911694,,0.030651264769618988,0.472986439773319,0,30.783691252116114,351.08464887412265,194.04879640927538
gconv_gru,shared_hot+comp,12,0.12025921433060258,,0.030651264769618988,0.47287399688151943,0,29.647810015827417,380.73245888995007,194.04879640927538
gconv_gru,shared_hot+comp,13,0.11665315981264468,,0.030651264769618988,0.4728397331677093,0,29.527342868968844,410.2598017589189,194.04879640927538
gconv_gru,shared_hot+comp,14,0.11301254784619366,,0.030651264769618988,0.47284648939296764,0,30.051182786002755,440.31098454492167,194.04879640927538
gconv_gru,shared_hot+comp,15,0.10960846035568803,0.20672474457667425,0.030651264769618988,0.4729164645831433,0,30.0899986801669,470.40098322508857,258.5098524801433
gconv_gru,shared_hot+comp,16,0.10630493693881565,,0.030651264769618988,0.4728826834568516,0,30.224174740724266,500.62515796581283,258.5098524801433
gconv_gru,shared_hot+comp,17,0.10349106347119366,,0.030651264769618988,0.472765897277386,0,29.975096318870783,530.6002542846836,258.5098524801433
gconv_gru,shared_hot+comp,18,0.10086156262291802,,0.030651264769618988,0.47269592208721034,0,29.836037777829915,560.4362920625135,258.5098524801433
gconv_gru,shared_hot+comp,19,0.09803462470019306,,0.030651264769618988,0.47274369825153717,0,29.656046538148075,590.0923386006616,258.5098524801433
gconv_gru,shared_hot+comp,20,0.09571513864729139,0.1740280664884127,0.030651264769618988,0.4726896484494704,0,31.09518973995,621.1875283406116,321.5770431221463
gconv_gru,shared_hot+comp,21,0.09307673683872929,,0.030651264769618988,0.4726790315240645,0,30.25657923799008,651.4441075786017,321.5770431221463
gconv_gru,shared_hot+comp,22,0.09116522471110027,,0.030651264769618988,0.4727461111891294,0,30.48054819786921,681.9246557764709,321.5770431221463
gconv_gru,shared_hot+comp,23,0.08872280738971851,,0.030651264769618988,0.47273259873861273,0,29.58193765580654,711.5065934322774,321.5770431221463
gconv_gru,shared_hot+comp,24,0.08683627623098868,,0.030651264769618988,0.4726722752988061,0,29.854717303067446,741.3613107353449,321.5770431221463
gconv_gru,shared_hot+comp,25,0.08514403413843226,0.14795624292813814,0.030651264769618988,0.4726491110979204,0,30.144905876833946,771.5062166121788,385.76217712741345
gconv_gru,shared_hot+comp,26,0.08295817286879928,,0.030651264769618988,0.4725699667448941,0,31.767917038872838,803.2741336510517,385.76217712741345
gconv_gru,shared_hot+comp,27,0.08151496339727331,,0.030651264769618988,0.47242326013928443,0,29.73394526122138,833.008078912273,385.76217712741345
gconv_gru,shared_hot+comp,28,0.08022503941147416,,0.030651264769618988,0.47229682220944974,0,30.147070340812206,863.1551492530853,385.76217712741345
gconv_gru,shared_hot+comp,29,0.07888344040623417,,0.030651264769618988,0.4721781056799103,0,29.61011577025056,892.7652650233358,385.76217712741345
gconv_gru,shared_hot+comp,30,0.07770800590515137,0.13020230715091413,0.030651264769618988,0.47220754351853594,0,29.656795444898307,922.4220604682341,449.45264707505703
gconv_gru,shared_hot+comp,31,0.0763865731380604,,0.030651264769618988,0.4721399812659525,0,31.25771967181936,953.6797801400535,449.45264707505703
gconv_gru,shared_hot+comp,32,0.07498271818514224,,0.030651264769618988,0.47227027989593484,0,30.142150471918285,983.8219306119718,449.45264707505703
gconv_gru,shared_hot+comp,33,0.07376080972177011,,0.030651264769618988,0.4721626628793198,0,29.92383617395535,1013.7457667859271,449.45264707505703
gconv_gru,shared_hot+comp,34,0.07267821497387356,,0.030651264769618988,0.4720632498505185,0,29.544416920281947,1043.290183706209,449.45264707505703
gconv_gru,shared_hot+comp,35,0.07184798187679714,0.11702412366867065,0.030651264769618988,0.47215445889150615,0,29.462012575007975,1072.752196281217,512.9261839129031
gconv_gru,shared_hot+comp,36,0.07112743236400464,,0.030651264769618988,0.4720077522858964,0,31.59779502497986,1104.349991306197,512.9261839129031
gconv_gru,shared_hot+comp,37,0.06927872366375393,,0.030651264769618988,0.4722263644317556,0,29.995242757722735,1134.3452340639196,512.9261839129031
gconv_gru,shared_hot+comp,38,0.06846339835060967,,0.030651264769618988,0.4721964440056115,0,30.48192977719009,1164.8271638411097,512.9261839129031
gconv_gru,shared_hot+comp,39,0.06740883103123417,,0.030651264769618988,0.4720979961518471,0,29.75806656619534,1194.585230407305,512.9261839129031
gconv_gru,shared_hot+comp,40,0.06606430036050302,0.10023858914008507,0.030651264769618988,0.4720782100635906,0,29.306205672677606,1223.8914360799827,576.1322568007745
gconv_gru,shared_hot+comp,41,0.0655479011712251,,0.030651264769618988,0.47213563797828645,0,30.14109792513773,1254.0325340051204,576.1322568007745
gconv_gru,shared_hot+comp,42,0.06447867993955259,,0.030651264769618988,0.472042498587225,0,29.68916149204597,1283.7216954971664,576.1322568007745
gconv_gru,shared_hot+comp,43,0.06343533153887149,,0.030651264769618988,0.4720598717378893,0,29.75092042516917,1313.4726159223355,576.1322568007745
gconv_gru,shared_hot+comp,44,0.06290601580231278,,0.030651264769618988,0.47203477718692977,0,30.265414534136653,1343.7380304564722,576.1322568007745
gconv_gru,shared_hot+comp,45,0.06304327426133333,0.09494462380042443,0.030651264769618988,0.4719681801093833,0,29.562730706762522,1373.3007611632347,638.8026741668582
gconv_gru,shared_hot+comp,46,0.0611725957305343,,0.030651264769618988,0.47186104568028675,0,30.48398049082607,1403.7847416540608,638.8026741668582
gconv_gru,shared_hot+comp,47,0.06346273863757099,,0.030651264769618988,0.4721279165779912,0,29.59850073605776,1433.3832423901185,638.8026741668582
gconv_gru,shared_hot+comp,48,0.06590484027509336,,0.030651264769618988,0.4710951792885019,0,29.49857960594818,1462.8818219960667,638.8026741668582
gconv_gru,shared_hot+comp,49,0.06225299614447134,,0.030651264769618988,0.47197686668471545,0,29.704555040225387,1492.586377036292,638.8026741668582
gconv_gru,shared_hot+comp,50,0.0600088636080424,0.08278491863837609,0.030651264769618988,0.4720265731991161,0,29.762813044246286,1522.3491900805384,701.7092671506107
gconv_gru,shared_hot+comp,51,0.05836425004182039,,0.030651264769618988,0.47203960306211434,0,29.891117850784212,1552.2403079313226,701.7092671506107
gconv_gru,shared_hot+comp,52,0.057188566084261296,,0.030651264769618988,0.4718745581308034,0,31.38776767300442,1583.628075604327,701.7092671506107
gconv_gru,shared_hot+comp,53,0.056059923436906606,,0.030651264769618988,0.4716607718601288,0,30.335817334242165,1613.9638929385692,701.7092671506107
gconv_gru,shared_hot+comp,54,0.05619660130253545,,0.030651264769618988,0.47145470698974934,0,33.31164644518867,1647.2755393837579,701.7092671506107
gconv_gru,shared_hot+comp,55,0.05489539658581769,0.07225682185246395,0.030651264769618988,0.4710951792885019,0,30.345840465277433,1677.6213798490353,764.8478307016194
gconv_gru,shared_hot+comp,56,0.054484939133679425,,0.030651264769618988,0.47080900489005933,0,30.49068382102996,1708.1120636700653,764.8478307016194
gconv_gru,shared_hot+comp,57,0.05414980208432233,,0.030651264769618988,0.4702347257431003,0,30.9208222348243,1739.0328859048896,764.8478307016194
gconv_gru,shared_hot+comp,58,0.05299024670212357,,0.030651264769618988,0.4700040489092798,0,30.157345936167985,1769.1902318410575,764.8478307016194
gconv_gru,shared_hot+comp,59,0.052584431789539476,,0.030651264769618988,0.4692053665662402,0,29.83002556860447,1799.020257409662,764.8478307016194
gconv_gru,shared_hot+comp,60,0.05326947900984022,0.06729491628133334,0.030651264769618988,0.46895490364416315,0,29.773169845808297,1828.7934272554703,827.185402081348
gconv_gru,shared_hot+comp,61,0.05167257344281232,,0.030651264769618988,0.46900123204593464,0,29.765101382974535,1858.5585286384448,827.185402081348
gconv_gru,shared_hot+comp,62,0.050749235683017306,,0.030651264769618988,0.4683164403572499,0,29.862328329123557,1888.4208569675684,827.185402081348
gconv_gru,shared_hot+comp,63,0.04975881399931731,,0.030651264769618988,0.4677551910732891,0,30.247571357060224,1918.6684283246286,827.185402081348
gconv_gru,shared_hot+comp,64,0.05330815138640227,,0.030651264769618988,0.46786232550238566,0,30.442764127161354,1949.11119245179,827.185402081348
gconv_gru,shared_hot+comp,65,0.05544657839669122,0.06508896901057316,0.030651264769618988,0.4697926755761974,0,33.42365220468491,1982.534844656475,890.4921487886459
gconv_gru,shared_hot+comp,66,0.05007701670681989,,0.030651264769618988,0.4687420825485254,0,29.867975550238043,2012.402820206713,890.4921487886459
gconv_gru,shared_hot+comp,67,0.0510004096561008,,0.030651264769618988,0.46799069378229413,0,30.883727176114917,2043.2865473828278,890.4921487886459
gconv_gru,shared_hot+comp,68,0.048744011808324744,,0.030651264769618988,0.4673995240721893,0,30.072574249934405,2073.3591216327623,890.4921487886459
gconv_gru,shared_hot+comp,69,0.04861510462231106,,0.030651264769618988,0.46750038486354595,0,30.04242875939235,2103.4015503921546,890.4921487886459
gconv_gru,shared_hot+comp,70,0.04894351076196741,0.05862465959328871,0.030651264769618988,0.467469499262365,0,30.578723496291786,2133.9802738884464,954.4990098597482
gconv_gru,shared_hot+comp,71,0.04990150531133016,,0.030651264769618988,0.46839268918516547,0,29.588833807967603,2163.569107696414,954.4990098597482
gconv_gru,shared_hot+comp,72,0.049485709932115346,,0.030651264769618988,0.469022948484265,0,29.758815287146717,2193.3279229835607,954.4990098597482
gconv_gru,shared_hot+comp,73,0.05007649571807296,,0.030651264769618988,0.4676808725954474,0,30.176502507179976,2223.5044254907407,954.4990098597482
gconv_gru,shared_hot+comp,74,0.051225741704305015,,0.030651264769618988,0.4692270830045706,0,30.233566408976912,2253.7379918997176,954.4990098597482
gconv_gru,shared_hot+comp,75,0.047414680322011314,0.052315356639715344,0.030651264769618988,0.4688033711633689,0,29.892305715940893,2283.6302976156585,1018.1897571659647
gconv_gru,shared_hot+comp,76,0.046106285519070096,,0.030651264769618988,0.4684452912246768,0,30.67831220291555,2314.308609818574,1018.1897571659647
gconv_gru,shared_hot+comp,77,0.046149739512690795,,0.030651264769618988,0.4679337484551167,0,29.35155856097117,2343.660168379545,1018.1897571659647
gconv_gru,shared_hot+comp,78,0.0496765551743684,,0.030651264769618988,0.4679839375570358,0,33.26754072867334,2376.9277091082186,1018.1897571659647
gconv_gru,shared_hot+comp,79,0.050489721474824126,,0.030651264769618988,0.4703655069606011,0,30.976318223867565,2407.904027332086,1018.1897571659647
gconv_gru,shared_hot+comp,80,0.04661664256343135,0.05371621480354896,0.030651264769618988,0.4689655205695691,0,30.781337352003902,2438.68536468409,1081.1696607251652
gconv_gru,shared_hot+comp,81,0.0450365631668656,,0.030651264769618988,0.4676914895208533,0,29.707737028133124,2468.393101712223,1081.1696607251652
gconv_gru,shared_hot+comp,82,0.04532033646548236,,0.030651264769618988,0.46814656955075445,0,29.705757685005665,2498.098859397229,1081.1696607251652
gconv_gru,shared_hot+comp,83,0.044627898269229464,,0.030651264769618988,0.46774264379780933,0,29.895085411146283,2527.993944808375,1081.1696607251652
gconv_gru,shared_hot+comp,84,0.044551440963038695,,0.030651264769618988,0.46763599195623123,0,29.57252369169146,2557.5664685000665,1081.1696607251652
gconv_gru,shared_hot+comp,85,0.04606419360196149,0.0705528763624338,0.030651264769618988,0.46762971831849137,0,29.83384848665446,2587.400316986721,1144.0574937602505
gconv_gru,shared_hot+comp,86,0.046993763358504685,,0.030651264769618988,0.4689727593823459,0,29.885705730877817,2617.286022717599,1144.0574937602505
gconv_gru,shared_hot+comp,87,0.044712733339380334,,0.030651264769618988,0.46840378869808985,0,30.23647797293961,2647.5225006905384,1144.0574937602505
gconv_gru,shared_hot+comp,88,0.04557958797172264,,0.030651264769618988,0.4689582817567923,0,29.31057542236522,2676.8330761129037,1144.0574937602505
gconv_gru,shared_hot+comp,89,0.043447677735929134,,0.030651264769618988,0.4678927285160482,0,30.482611192390323,2707.315687305294,1144.0574937602505
gconv_gru,shared_hot+comp,90,0.045053581396738686,0.049095360132364124,0.030651264769618988,0.46793519621767204,0,30.2214931640774,2737.5371804693714,1206.9218812673353
gconv_gru,shared_hot+comp,91,0.04423797130584717,,0.030651264769618988,0.46892208769290833,0,31.59587997989729,2769.1330604492687,1206.9218812673353
gconv_gru,shared_hot+comp,92,0.044585369251392504,,0.030651264769618988,0.46822040544107774,0,29.956196462735534,2799.089256912004,1206.9218812673353
gconv_gru,shared_hot+comp,93,0.046298238966200084,,0.030651264769618988,0.46871264470989976,0,29.280456464271992,2828.369713376276,1206.9218812673353
gconv_gru,shared_hot+comp,94,0.043343393890946,,0.030651264769618988,0.4685784853797698,0,29.855698302853853,2858.22541167913,1206.9218812673353
gconv_gru,shared_hot+comp,95,0.0430628635265209,0.042616885442000166,0.030651264769618988,0.4677286487597742,0,29.970592429861426,2888.1960041089915,1270.6489035231061
gconv_gru,shared_hot+comp,96,0.044389442161277486,,0.030651264769618988,0.46800420623281086,0,29.723499999847263,2917.9195041088387,1270.6489035231061
gconv_gru,shared_hot+comp,97,0.043633494112226695,,0.030651264769618988,0.46873532632326703,0,29.867670992854983,2947.7871751016937,1270.6489035231061
gconv_gru,shared_hot+comp,98,0.045397652520073786,,0.030651264769618988,0.46831499259469456,0,29.566055200994015,2977.3532303026877,1270.6489035231061
gconv_gru,shared_hot+comp,99,0.04737971888648139,,0.030651264769618988,0.4696903670222854,0,29.622219623997808,3006.9754499266855,1270.6489035231061
gconv_gru,shared_hot+comp,100,0.04407722199404681,0.04373169862307035,0.030651264769618988,0.46900798827119294,0,30.379701695870608,3037.355151622556,1336.3700911258347
